Gen,hypercube
0,53.20775047
1,50.40638002
2,43.03906351
3,30.47561951
4,21.82973885
5,14.89353935
6,11.73948277
7,11.3185843
8,11.26746465
9,5.854206104
10,5.867202531
11,2.947190763
12,3.034682996
13,1.740710592
14,6.557606137
15,0.951339437
16,1.32626059
17,0.787995423
18,0.787995423
19,0.245045882
20,0.245045882
21,0.393489501
22,0.245045882
23,0.245045882
24,0.245045882
25,0.245045882
26,0.245045882
27,0.244524768
28,0.244524768
29,0.243437225
30,0.244524768
31,0.242916112
32,0.243437225
33,0.240536758
34,0.233907824
35,0.235174706
36,0.235174706
37,0.235695819
38,0.229932014
39,0.228323358
40,0.227802244
41,0.224804304
42,0.224804304
43,0.225115676
44,0.223507019
45,0.215988993
46,0.21075158
47,0.21075158
48,0.21075158
49,0.209133596
50,0.209133596
51,0.207847075
52,0.207786069
53,0.207241161
54,0.202827761
55,0.20212181
56,0.197676615
57,0.200414213
58,0.197676615
59,0.196970664
60,0.196970664
61,0.19680962
62,0.19646359
63,0.194851574
64,0.194851574
65,0.193575909
66,0.194846083
67,0.187006214
68,0.183611459
69,0.183772503
70,0.183611459
71,0.175619912
72,0.183596086
73,0.178369839
74,0.174494652
75,0.170217247
76,0.174094989
77,0.170217247
78,0.169253031
79,0.168423546
80,0.168423546
81,0.167354509
82,0.168423546
83,0.167007522
84,0.162348588
85,0.160984709
86,0.160554887
87,0.157648171
88,0.157565335
89,0.157648171
90,0.156662884
91,0.154068528
92,0.155184244
93,0.152009565
94,0.151926729
95,0.149934712
96,0.148429922
97,0.147662484
98,0.146917487
99,0.147054859
100,0.14774532
101,0.145428652
102,0.14496318
103,0.142646512
104,0.145428652
105,0.141726825
106,0.136745607
107,0.135370544
108,0.135370544
109,0.134675348
110,0.134675348
111,0.134675348
112,0.13395464
113,0.132741515
114,0.132635405
115,0.132635405
116,0.132010213
117,0.128432555
118,0.128432555
119,0.128432555
120,0.126488127
121,0.125686074
122,0.1239123
123,0.1239123
124,0.1239123
125,0.123110246
126,0.121022277
127,0.119054491
128,0.120630857
129,0.119679683
130,0.116966522
131,0.116966522
132,0.116966522
133,0.114180798
134,0.110125043
135,0.109281232
136,0.109281232
137,0.105786593
138,0.109281232
139,0.109281232
140,0.103209291
141,0.102762535
142,0.100877915
143,0.100877915
144,0.100877915
145,0.100036782
146,0.099714653
147,0.095957228
148,0.093964183
149,0.09356737
150,0.092800921
151,0.09356737
152,0.088147413
153,0.0877506
154,0.086984151
155,0.086984151
156,0.086668855
157,0.086668855
158,0.079998224
159,0.080266894
160,0.079951598
161,0.079697777
162,0.079697777
163,0.076570889
164,0.077103024
165,0.073722316
166,0.074654351
167,0.072328267
168,0.071456001
169,0.071456001
170,0.071456001
171,0.071456001
172,0.071450531
173,0.068827788
174,0.068648572
175,0.068648572
176,0.068648572
177,0.068648572
178,0.068057737
179,0.068360885
180,0.06550613
181,0.065250307
182,0.065250307
183,0.065069734
184,0.06349364
185,0.063057245
186,0.063057245
187,0.063057245
188,0.062757334
189,0.062615108
190,0.062615108
191,0.057754079
192,0.057454169
193,0.055865815
194,0.055865815
195,0.055723589
196,0.053262896
197,0.054910018
198,0.053179439
199,0.052554724
200,0.050718745
201,0.048830482
202,0.048830482
203,0.048830482
204,0.048830482
205,0.048506281
206,0.046526655
207,0.046526655
208,0.044371928
209,0.044371928
210,0.044295742
211,0.044371928
212,0.043860844
213,0.04419292
214,0.041014735
215,0.040503651
216,0.04006714
217,0.04006714
218,0.038093165
219,0.03959591
220,0.037185424
221,0.037185424
222,0.034208103
223,0.034208103
224,0.034208103
225,0.033300362
226,0.033300362
227,0.033300362
228,0.031960619
229,0.031052878
230,0.031729829
231,0.029482346
232,0.030887248
233,0.029482346
234,0.029316715
235,0.029096721
236,0.028729949
237,0.027159416
238,0.027159416
239,0.026773792
240,0.024267095
241,0.024267095
242,0.024267095
243,0.022714205
244,0.022384704
245,0.020831814
246,0.020666184
247,0.020666184
248,0.020666184
249,0.020666184
250,0.020666184
251,0.019494764
252,0.019431926
253,0.019431926
254,0.018260506
255,0.018260506
256,0.018060465
257,0.018060465
258,0.016826207
259,0.015654787
260,0.015654787
261,0.01559258
262,0.014915179
263,0.014915179
264,0.014715722
265,0.013976114
266,0.013976114
267,0.013976114
268,0.013284236
269,0.013284236
270,0.013284236
271,0.013269117
272,0.011808544
273,0.011808544
274,0.011116666
275,0.011101547
276,0.010640576
277,0.010579325
278,0.01049069
279,0.01045155
280,0.010018185
281,0.010103029
282,0.0100146
283,0.009999275
284,0.009515759
285,0.009903215
286,0.009330982
287,0.008955843
288,0.009330982
289,0.007162168
290,0.007147049
291,0.007162168
292,0.007147049
293,0.006779521
294,0.007147049
295,0.006675767
296,0.006675767
297,0.006690886
298,0.006554248
299,0.006569367
300,0.006278637
301,0.006263518
302,0.006154965
303,0.005895331
304,0.006154965
305,0.005760757
306,0.005760757
307,0.005760757
308,0.003968342
309,0.003968342
310,0.003968342
311,0.003968342
312,0.003968342
313,0.002868484
314,0.003236672
315,0.002791782
316,0.002791782
317,0.002781636
318,0.002781636
319,0.002704934
320,0.002693765
321,0.002578706
322,0.002578706
323,0.002578706
324,0.001631779
325,0.001565859
326,0.001631779
327,0.00140793
328,0.00140793
329,0.001422652
330,0.001397797
331,0.000630736
332,0.000621
333,0.000624173
334,0.000614041
335,0.000614041
336,0.000621
337,0.000152352
338,0.000152352
339,0.000152352
340,0.000144973
341,1.26E-05
342,1.72E-05
343,2.87E-06
344,2.87E-06
345,2.87E-06
346,2.87E-06
347,2.87E-06
348,2.87E-06
349,2.87E-06
350,2.87E-06
351,2.87E-06
352,2.39E-06
353,2.15E-06
354,1.68E-06
355,1.68E-06
356,2.15E-06
357,1.68E-06
358,1.68E-06
359,1.68E-06
360,1.68E-06
361,1.68E-06
362,1.68E-06
363,1.68E-06
364,1.68E-06
365,1.68E-06
366,1.68E-06
367,1.68E-06
368,1.68E-06
369,1.68E-06
370,5.12E-07
371,1.68E-06
372,5.12E-07
373,5.12E-07
374,1.68E-06
375,2.07E-07
376,2.07E-07
377,2.07E-07
378,2.07E-07
379,2.07E-07
380,2.07E-07
381,2.07E-07
382,2.07E-07
383,2.07E-07
384,2.07E-07
385,2.07E-07
386,2.07E-07
387,2.07E-07
388,2.07E-07
389,2.07E-07
390,2.07E-07
391,2.07E-07
392,2.07E-07
393,2.07E-07
394,2.07E-07
395,2.07E-07
396,2.07E-07
397,1.85E-07
398,8.34E-08
399,8.34E-08
400,6.19E-08
401,6.19E-08
402,6.19E-08
403,6.19E-08
404,6.19E-08
405,6.19E-08
406,6.19E-08
407,6.19E-08
408,6.19E-08
409,6.19E-08
410,6.19E-08
411,6.19E-08
412,6.19E-08
413,6.19E-08
414,6.19E-08
415,6.19E-08
416,6.19E-08
417,6.19E-08
418,6.19E-08
419,6.19E-08
420,6.19E-08
421,6.19E-08
422,6.19E-08
423,6.19E-08
424,6.19E-08
425,6.19E-08
426,6.19E-08
427,6.19E-08
428,6.19E-08
429,6.19E-08
430,6.19E-08
431,6.19E-08
432,6.19E-08
433,6.19E-08
434,6.19E-08
435,6.19E-08
436,6.19E-08
437,5.23E-08
438,5.23E-08
439,5.23E-08
440,5.23E-08
441,5.23E-08
442,5.23E-08
443,5.23E-08
444,5.23E-08
445,5.23E-08
446,5.23E-08
447,5.23E-08
448,5.23E-08
449,5.23E-08
450,5.23E-08
451,5.23E-08
452,5.23E-08
453,5.23E-08
454,5.23E-08
455,5.23E-08
456,5.23E-08
457,5.23E-08
458,5.23E-08
459,5.23E-08
460,5.23E-08
461,5.23E-08
462,5.23E-08
463,5.23E-08
464,5.23E-08
465,5.23E-08
466,4.57E-08
467,4.57E-08
468,4.57E-08
469,4.57E-08
470,3.39E-08
471,3.39E-08
472,3.39E-08
473,3.39E-08
474,3.39E-08
475,3.39E-08
476,3.39E-08
477,3.39E-08
478,3.39E-08
479,3.39E-08
480,3.39E-08
481,3.39E-08
482,3.39E-08
483,3.39E-08
484,3.39E-08
485,3.39E-08
486,3.39E-08
487,3.39E-08
488,3.39E-08
489,3.39E-08
490,3.39E-08
491,3.39E-08
492,3.39E-08
493,3.39E-08
494,3.39E-08
495,3.39E-08
496,3.39E-08
497,3.39E-08
498,3.39E-08
499,3.39E-08
500,3.39E-08
501,3.39E-08
502,3.39E-08
503,3.39E-08
504,3.39E-08
505,3.39E-08
506,3.39E-08
507,3.39E-08
508,3.39E-08
509,3.39E-08
510,3.39E-08
511,3.39E-08
512,3.39E-08
513,3.39E-08
514,3.39E-08
515,3.39E-08
516,3.39E-08
517,3.39E-08
518,3.39E-08
519,3.39E-08
520,3.39E-08
521,3.39E-08
522,3.39E-08
523,3.39E-08
524,3.39E-08
525,3.39E-08
526,3.39E-08
527,3.39E-08
528,3.39E-08
529,3.39E-08
530,3.39E-08
531,3.39E-08
532,3.39E-08
533,3.39E-08
534,3.39E-08
535,3.39E-08
536,3.39E-08
537,3.39E-08
538,3.39E-08
539,3.39E-08
540,3.39E-08
541,3.39E-08
542,3.39E-08
543,3.39E-08
544,3.39E-08
545,3.39E-08
546,3.39E-08
547,3.39E-08
548,3.39E-08
549,3.39E-08
550,3.39E-08
551,3.39E-08
552,3.39E-08
553,3.39E-08
554,3.39E-08
555,3.39E-08
556,3.39E-08
557,3.39E-08
558,3.39E-08
559,3.39E-08
560,3.39E-08
561,3.39E-08
562,3.39E-08
563,3.39E-08
564,3.39E-08
565,3.39E-08
566,3.39E-08
567,3.39E-08
568,3.39E-08
569,3.39E-08
570,3.39E-08
571,3.39E-08
572,3.39E-08
573,1.92E-08
574,1.92E-08
575,1.92E-08
576,1.92E-08
577,1.92E-08
578,1.92E-08
579,1.92E-08
580,1.92E-08
581,1.92E-08
582,1.92E-08
583,1.92E-08
584,1.92E-08
585,1.92E-08
586,1.92E-08
587,1.92E-08
588,1.92E-08
589,1.92E-08
590,1.92E-08
591,1.92E-08
592,1.64E-08
593,1.64E-08
594,1.64E-08
595,1.64E-08
596,1.64E-08
597,1.64E-08
598,1.64E-08
599,1.64E-08
600,1.64E-08
601,1.64E-08
602,1.64E-08
603,1.64E-08
604,1.64E-08
605,1.64E-08
606,1.64E-08
607,1.64E-08
608,1.64E-08
609,1.64E-08
610,1.64E-08
611,1.64E-08
612,1.64E-08
613,1.64E-08
614,1.64E-08
615,1.64E-08
616,1.64E-08
617,1.64E-08
618,1.64E-08
619,1.64E-08
620,1.64E-08
621,1.64E-08
622,1.64E-08
623,1.64E-08
624,1.64E-08
625,1.64E-08
626,1.64E-08
627,1.64E-08
628,1.64E-08
629,1.64E-08
630,1.64E-08
631,1.64E-08
632,1.64E-08
633,1.64E-08
634,1.64E-08
635,1.64E-08
636,1.64E-08
637,1.64E-08
638,1.64E-08
639,1.40E-08
640,1.40E-08
641,1.40E-08
642,1.40E-08
643,1.40E-08
644,1.40E-08
645,1.40E-08
646,1.40E-08
647,1.40E-08
648,1.40E-08
649,1.34E-08
650,1.34E-08
651,1.34E-08
652,1.34E-08
653,1.34E-08
654,1.34E-08
655,1.34E-08
656,1.34E-08
657,1.34E-08
658,1.34E-08
659,1.34E-08
660,1.34E-08
661,1.34E-08
662,1.34E-08
663,1.34E-08
664,1.34E-08
665,1.34E-08
666,1.34E-08
667,1.34E-08
668,1.34E-08
669,1.34E-08
670,1.34E-08
671,1.34E-08
672,1.34E-08
673,1.34E-08
674,1.34E-08
675,1.34E-08
676,1.34E-08
677,1.34E-08
678,1.34E-08
679,1.34E-08
680,1.34E-08
681,1.34E-08
682,6.60E-09
683,6.60E-09
684,6.60E-09
685,6.60E-09
686,6.60E-09
687,6.60E-09
688,6.60E-09
689,6.60E-09
690,6.60E-09
691,6.60E-09
692,6.60E-09
693,6.60E-09
694,6.60E-09
695,6.60E-09
696,6.60E-09
697,6.60E-09
698,6.60E-09
699,6.60E-09
700,6.60E-09
701,6.60E-09
702,6.60E-09
703,6.60E-09
704,6.60E-09
705,6.60E-09
706,6.60E-09
707,6.60E-09
708,6.60E-09
709,6.60E-09
710,6.60E-09
711,6.60E-09
712,6.60E-09
713,6.60E-09
714,6.60E-09
715,6.60E-09
716,6.60E-09
717,6.60E-09
718,6.60E-09
719,6.60E-09
720,6.60E-09
721,6.60E-09
722,6.60E-09
723,6.60E-09
724,6.60E-09
725,6.60E-09
726,6.60E-09
727,6.60E-09
728,6.60E-09
729,6.60E-09
730,6.60E-09
731,6.60E-09
732,6.60E-09
733,6.60E-09
734,6.60E-09
735,6.60E-09
736,6.60E-09
737,6.60E-09
738,6.60E-09
739,6.60E-09
740,6.60E-09
741,6.60E-09
742,6.60E-09
743,6.60E-09
744,6.60E-09
745,6.60E-09
746,6.60E-09
747,6.60E-09
748,6.60E-09
749,6.60E-09
750,6.60E-09
751,6.60E-09
752,6.60E-09
753,6.60E-09
754,6.60E-09
755,6.60E-09
756,6.60E-09
757,6.60E-09
758,6.60E-09
759,6.60E-09
760,6.60E-09
761,6.60E-09
762,6.60E-09
763,6.60E-09
764,6.60E-09
765,6.60E-09
766,6.60E-09
767,5.92E-09
768,5.92E-09
769,5.92E-09
770,5.92E-09
771,5.92E-09
772,5.92E-09
773,5.92E-09
774,5.92E-09
775,5.92E-09
776,5.92E-09
777,5.92E-09
778,5.92E-09
779,5.92E-09
780,5.92E-09
781,5.92E-09
782,5.92E-09
783,5.92E-09
784,5.92E-09
785,5.92E-09
786,5.92E-09
787,5.92E-09
788,5.92E-09
789,5.92E-09
790,5.92E-09
791,5.92E-09
792,5.92E-09
793,5.92E-09
794,5.92E-09
795,5.92E-09
796,5.92E-09
797,5.92E-09
798,5.92E-09
799,5.92E-09
800,5.92E-09
801,5.92E-09
802,5.92E-09
803,5.92E-09
804,5.92E-09
805,5.92E-09
806,5.92E-09
807,5.92E-09
808,5.92E-09
809,5.92E-09
810,5.92E-09
811,5.92E-09
812,5.92E-09
813,5.92E-09
814,5.92E-09
815,5.92E-09
816,5.92E-09
817,5.92E-09
818,5.92E-09
819,5.92E-09
820,5.92E-09
821,5.92E-09
822,5.92E-09
823,5.92E-09
824,5.92E-09
825,5.92E-09
826,5.92E-09
827,5.92E-09
828,5.92E-09
829,5.92E-09
830,5.92E-09
831,5.92E-09
832,5.92E-09
833,5.92E-09
834,5.92E-09
835,5.92E-09
836,5.92E-09
837,5.92E-09
838,5.92E-09
839,5.92E-09
840,5.92E-09
841,5.92E-09
842,5.92E-09
843,5.92E-09
844,5.92E-09
845,5.92E-09
846,5.92E-09
847,5.18E-09
848,5.18E-09
849,5.18E-09
850,5.18E-09
851,5.18E-09
852,5.18E-09
853,5.18E-09
854,5.18E-09
855,5.18E-09
856,5.18E-09
857,5.18E-09
858,5.18E-09
859,5.18E-09
860,5.18E-09
861,5.18E-09
862,5.18E-09
863,5.18E-09
864,5.18E-09
865,5.18E-09
866,5.18E-09
867,5.18E-09
868,5.18E-09
869,5.18E-09
870,5.18E-09
871,5.18E-09
872,5.18E-09
873,5.18E-09
874,5.18E-09
875,5.18E-09
876,5.18E-09
877,5.18E-09
878,5.18E-09
879,5.18E-09
880,5.18E-09
881,5.18E-09
882,5.18E-09
883,5.18E-09
884,5.18E-09
885,5.18E-09
886,5.18E-09
887,3.12E-09
888,3.12E-09
889,3.12E-09
890,3.12E-09
891,3.12E-09
892,3.12E-09
893,3.12E-09
894,3.12E-09
895,3.12E-09
896,3.12E-09
897,3.12E-09
898,3.12E-09
899,3.12E-09
900,3.12E-09
901,3.12E-09
902,3.12E-09
903,3.12E-09
904,3.12E-09
905,3.12E-09
906,3.12E-09
907,3.12E-09
908,3.12E-09
909,3.12E-09
910,3.12E-09
911,3.12E-09
912,3.12E-09
913,3.12E-09
914,3.12E-09
915,3.12E-09
916,3.12E-09
917,3.12E-09
918,3.12E-09
919,3.12E-09
920,3.12E-09
921,3.12E-09
922,3.12E-09
923,3.12E-09
924,3.12E-09
925,3.12E-09
926,3.12E-09
927,3.12E-09
928,3.12E-09
929,3.12E-09
930,3.12E-09
931,3.12E-09
932,3.12E-09
933,3.12E-09
934,3.12E-09
935,3.12E-09
936,3.12E-09
937,3.12E-09
938,3.12E-09
939,3.12E-09
940,3.12E-09
941,3.12E-09
942,3.12E-09
943,3.12E-09
944,3.12E-09
945,3.12E-09
946,3.12E-09
947,3.12E-09
948,3.12E-09
949,3.12E-09
950,3.12E-09
951,3.12E-09
952,3.12E-09
953,3.12E-09
954,3.12E-09
955,3.12E-09
956,3.12E-09
957,3.12E-09
958,3.12E-09
959,3.12E-09
960,3.12E-09
961,3.12E-09
962,3.12E-09
963,3.12E-09
964,3.12E-09
965,3.12E-09
966,3.12E-09
967,3.12E-09
968,3.12E-09
969,3.12E-09
970,3.12E-09
971,3.12E-09
972,3.12E-09
973,3.12E-09
974,3.12E-09
975,3.12E-09
976,3.12E-09
977,3.12E-09
978,3.12E-09
979,3.12E-09
980,3.12E-09
981,3.12E-09
982,3.12E-09
983,3.12E-09
984,2.79E-09
985,2.79E-09
986,2.79E-09
987,2.79E-09
988,2.79E-09
989,2.79E-09
990,2.79E-09
991,2.79E-09
992,2.79E-09
993,2.79E-09
994,2.79E-09
995,2.79E-09
996,2.79E-09
997,2.79E-09
998,2.79E-09
999,2.79E-09
1000,2.79E-09
1001,2.79E-09
1002,2.79E-09
1003,2.79E-09
1004,2.79E-09
1005,2.79E-09
1006,2.79E-09
1007,2.79E-09
1008,2.79E-09
1009,2.79E-09
1010,2.79E-09
1011,2.79E-09
1012,2.79E-09
1013,2.79E-09
1014,2.79E-09
1015,2.79E-09
1016,2.79E-09
1017,2.79E-09
1018,2.79E-09
1019,2.79E-09
1020,2.79E-09
1021,2.79E-09
1022,2.79E-09
1023,2.79E-09
1024,2.79E-09
1025,2.79E-09
1026,2.79E-09
1027,2.79E-09
1028,2.79E-09
1029,2.79E-09
1030,2.79E-09
1031,2.79E-09
1032,2.79E-09
1033,2.79E-09
1034,2.79E-09
1035,2.79E-09
1036,2.79E-09
1037,2.79E-09
1038,2.79E-09
1039,2.79E-09
1040,2.79E-09
1041,2.79E-09
1042,2.79E-09
1043,2.79E-09
1044,2.79E-09
1045,2.79E-09
1046,2.79E-09
1047,2.79E-09
1048,2.79E-09
1049,2.79E-09
1050,2.79E-09
1051,2.79E-09
1052,2.79E-09
1053,2.79E-09
1054,2.79E-09
1055,2.79E-09
1056,2.79E-09
1057,2.79E-09
1058,2.79E-09
1059,2.79E-09
1060,2.79E-09
1061,2.79E-09
1062,2.79E-09
1063,2.79E-09
1064,2.79E-09
1065,2.79E-09
1066,2.79E-09
1067,2.79E-09
1068,2.79E-09
1069,2.79E-09
1070,2.79E-09
1071,2.79E-09
1072,2.79E-09
1073,2.79E-09
1074,2.79E-09
1075,2.79E-09
1076,2.79E-09
1077,2.79E-09
1078,2.79E-09
1079,2.79E-09
1080,2.79E-09
1081,2.79E-09
1082,2.79E-09
1083,2.79E-09
1084,2.79E-09
1085,2.79E-09
1086,2.79E-09
1087,2.79E-09
1088,2.79E-09
1089,2.79E-09
1090,2.79E-09
1091,2.79E-09
1092,2.79E-09
1093,2.79E-09
1094,2.79E-09
1095,2.79E-09
1096,2.79E-09
1097,2.79E-09
1098,2.79E-09
1099,2.79E-09
1100,2.79E-09
1101,2.79E-09
1102,2.79E-09
1103,2.79E-09
1104,2.79E-09
1105,2.79E-09
1106,2.79E-09
1107,2.79E-09
1108,2.79E-09
1109,2.79E-09
1110,2.79E-09
1111,2.79E-09
1112,2.79E-09
1113,2.79E-09
1114,2.79E-09
1115,2.79E-09
1116,2.79E-09
1117,2.79E-09
1118,2.79E-09
1119,2.79E-09
1120,2.79E-09
1121,2.79E-09
1122,2.79E-09
1123,2.79E-09
1124,2.79E-09
1125,2.79E-09
1126,2.79E-09
1127,2.79E-09
1128,2.79E-09
1129,2.79E-09
1130,2.79E-09
1131,2.79E-09
1132,2.79E-09
1133,2.79E-09
1134,2.79E-09
1135,2.79E-09
1136,2.79E-09
1137,2.79E-09
1138,2.79E-09
1139,2.79E-09
1140,2.79E-09
1141,2.79E-09
1142,2.79E-09
1143,2.79E-09
1144,2.79E-09
1145,2.79E-09
1146,2.79E-09
1147,2.79E-09
1148,2.79E-09
1149,2.79E-09
1150,2.79E-09
1151,2.79E-09
1152,2.79E-09
1153,2.79E-09
1154,2.79E-09
1155,2.79E-09
1156,2.79E-09
1157,2.79E-09
1158,2.79E-09
1159,2.79E-09
1160,2.79E-09
1161,2.79E-09
1162,2.79E-09
1163,2.79E-09
1164,2.79E-09
1165,2.79E-09
1166,2.79E-09
1167,2.79E-09
1168,2.79E-09
1169,2.79E-09
1170,2.79E-09
1171,2.79E-09
1172,2.79E-09
1173,2.79E-09
1174,2.79E-09
1175,2.79E-09
1176,2.79E-09
1177,2.79E-09
1178,2.79E-09
1179,2.79E-09
1180,2.79E-09
1181,2.79E-09
1182,2.79E-09
1183,2.79E-09
1184,2.79E-09
1185,2.79E-09
1186,2.79E-09
1187,2.79E-09
1188,2.79E-09
1189,2.79E-09
1190,2.79E-09
1191,2.79E-09
1192,2.79E-09
1193,2.79E-09
1194,2.79E-09
1195,2.79E-09
1196,2.79E-09
1197,2.79E-09
1198,2.79E-09
1199,2.79E-09
1200,2.79E-09
1201,2.79E-09
1202,2.79E-09
1203,2.79E-09
1204,2.79E-09
1205,2.79E-09
1206,2.79E-09
1207,2.79E-09
1208,2.79E-09
1209,2.79E-09
1210,2.79E-09
1211,2.79E-09
1212,2.79E-09
1213,2.79E-09
1214,2.79E-09
1215,2.79E-09
1216,2.79E-09
1217,2.79E-09
1218,2.79E-09
1219,2.79E-09
1220,2.79E-09
1221,2.79E-09
1222,2.79E-09
1223,2.79E-09
1224,2.79E-09
1225,2.79E-09
1226,2.79E-09
1227,2.79E-09
1228,2.79E-09
1229,2.79E-09
1230,2.79E-09
1231,2.79E-09
1232,2.79E-09
1233,2.79E-09
1234,2.79E-09
1235,2.79E-09
1236,2.79E-09
1237,2.79E-09
1238,2.79E-09
1239,2.79E-09
1240,2.79E-09
1241,2.79E-09
1242,2.79E-09
1243,2.79E-09
1244,2.79E-09
1245,2.79E-09
1246,2.79E-09
1247,2.79E-09
1248,2.79E-09
1249,2.79E-09
1250,2.79E-09
1251,2.79E-09
1252,2.79E-09
1253,2.79E-09
1254,2.79E-09
1255,2.79E-09
1256,2.79E-09
1257,2.79E-09
1258,2.79E-09
1259,2.79E-09
1260,2.79E-09
1261,2.79E-09
1262,2.79E-09
1263,2.79E-09
1264,2.77E-09
1265,2.77E-09
1266,2.77E-09
1267,2.77E-09
1268,2.77E-09
1269,2.77E-09
1270,2.77E-09
1271,2.77E-09
1272,2.77E-09
1273,2.77E-09
1274,2.77E-09
1275,2.77E-09
1276,2.77E-09
1277,2.77E-09
1278,2.77E-09
1279,2.77E-09
1280,2.77E-09
1281,2.77E-09
1282,2.77E-09
1283,2.77E-09
1284,2.77E-09
1285,2.77E-09
1286,2.77E-09
1287,2.77E-09
1288,2.77E-09
1289,2.77E-09
1290,2.77E-09
1291,2.77E-09
1292,2.77E-09
1293,2.77E-09
1294,2.77E-09
1295,2.77E-09
1296,2.77E-09
1297,2.77E-09
1298,2.77E-09
1299,2.77E-09
1300,2.77E-09
1301,2.77E-09
1302,2.77E-09
1303,2.77E-09
1304,2.77E-09
1305,2.77E-09
1306,2.77E-09
1307,2.77E-09
1308,2.77E-09
1309,2.77E-09
1310,2.77E-09
1311,2.77E-09
1312,2.77E-09
1313,2.77E-09
1314,2.77E-09
1315,2.77E-09
1316,2.77E-09
1317,2.77E-09
1318,2.77E-09
1319,2.77E-09
1320,2.77E-09
1321,2.77E-09
1322,2.77E-09
1323,2.77E-09
1324,2.77E-09
1325,2.77E-09
1326,2.77E-09
1327,2.77E-09
1328,2.77E-09
1329,2.77E-09
1330,2.77E-09
1331,2.77E-09
1332,2.77E-09
1333,2.77E-09
1334,2.77E-09
1335,2.77E-09
1336,2.77E-09
1337,2.77E-09
1338,2.77E-09
1339,2.77E-09
1340,2.77E-09
1341,2.77E-09
1342,2.77E-09
1343,2.77E-09
1344,2.77E-09
1345,2.77E-09
1346,2.77E-09
1347,2.77E-09
1348,2.77E-09
1349,2.77E-09
1350,2.77E-09
1351,2.77E-09
1352,2.77E-09
1353,2.77E-09
1354,2.77E-09
1355,2.77E-09
1356,2.77E-09
1357,2.77E-09
1358,2.77E-09
1359,2.77E-09
1360,2.77E-09
1361,2.77E-09
1362,2.77E-09
1363,2.77E-09
1364,2.77E-09
1365,2.77E-09
1366,2.77E-09
1367,2.77E-09
1368,2.77E-09
1369,2.77E-09
1370,2.77E-09
1371,2.77E-09
1372,2.77E-09
1373,2.77E-09
1374,2.77E-09
1375,2.77E-09
1376,2.77E-09
1377,2.77E-09
1378,2.77E-09
1379,2.77E-09
1380,2.77E-09
1381,2.77E-09
1382,2.77E-09
1383,2.77E-09
1384,2.77E-09
1385,2.77E-09
1386,2.77E-09
1387,2.77E-09
1388,2.77E-09
1389,2.77E-09
1390,2.77E-09
1391,2.77E-09
1392,2.77E-09
1393,2.77E-09
1394,2.77E-09
1395,2.77E-09
1396,2.77E-09
1397,2.77E-09
1398,2.77E-09
1399,2.77E-09
1400,2.77E-09
1401,2.77E-09
1402,2.77E-09
1403,2.77E-09
1404,2.77E-09
1405,2.77E-09
1406,2.77E-09
1407,2.77E-09
1408,2.77E-09
1409,2.77E-09
1410,2.77E-09
1411,2.77E-09
1412,2.77E-09
1413,2.77E-09
1414,2.77E-09
1415,2.77E-09
1416,2.77E-09
1417,2.77E-09
1418,2.77E-09
1419,2.77E-09
1420,2.77E-09
1421,2.77E-09
1422,2.77E-09
1423,2.77E-09
1424,2.77E-09
1425,2.77E-09
1426,2.77E-09
1427,2.77E-09
1428,2.77E-09
1429,2.77E-09
1430,2.77E-09
1431,2.77E-09
1432,2.77E-09
1433,2.77E-09
1434,2.77E-09
1435,2.77E-09
1436,2.77E-09
1437,2.77E-09
1438,2.77E-09
1439,2.77E-09
1440,2.61E-09
1441,2.61E-09
1442,2.61E-09
1443,2.61E-09
1444,2.61E-09
1445,2.61E-09
1446,2.61E-09
1447,2.61E-09
1448,2.61E-09
1449,2.61E-09
1450,2.61E-09
1451,2.61E-09
1452,2.61E-09
1453,2.61E-09
1454,2.61E-09
1455,2.61E-09
1456,2.61E-09
1457,2.61E-09
1458,2.61E-09
1459,2.61E-09
1460,2.61E-09
1461,2.61E-09
1462,2.61E-09
1463,2.61E-09
1464,2.61E-09
1465,2.61E-09
1466,2.61E-09
1467,2.61E-09
1468,8.48E-10
1469,8.48E-10
1470,8.48E-10
1471,8.48E-10
1472,8.48E-10
1473,8.48E-10
1474,8.48E-10
1475,8.48E-10
1476,8.48E-10
1477,8.48E-10
1478,8.48E-10
1479,8.48E-10
1480,8.48E-10
1481,8.48E-10
1482,8.48E-10
1483,8.48E-10
1484,8.48E-10
1485,8.48E-10
1486,8.48E-10
1487,8.48E-10
1488,8.48E-10
1489,8.48E-10
1490,8.48E-10
1491,8.48E-10
1492,8.48E-10
1493,8.48E-10
1494,8.48E-10
1495,8.48E-10
1496,8.48E-10
1497,8.48E-10
1498,8.48E-10
1499,8.48E-10
0,60.93273872
1,26.36876103
2,23.87906151
3,23.87906151
4,15.6816347
5,6.748016276
6,7.912962437
7,4.635969582
8,4.073032878
9,3.015769689
10,2.613933185
11,2.293249565
12,1.81642181
13,1.301460033
14,1.00236201
15,1.301460033
16,0.487400233
17,0.487400233
18,0.487400233
19,0.487400233
20,0.475968181
21,0.474678495
22,0.474678495
23,0.474678495
24,0.473513386
25,0.473513386
26,0.46484502
27,0.463679911
28,0.462838257
29,0.453022898
30,0.461350813
31,0.453022898
32,0.452181245
33,0.453022898
34,0.445236817
35,0.445236817
36,0.445236817
37,0.445236817
38,0.437523488
39,0.434761345
40,0.427048015
41,0.427048015
42,0.419851514
43,0.427048015
44,0.427048015
45,0.419433661
46,0.418238028
47,0.418238028
48,0.41223716
49,0.410623674
50,0.410250747
51,0.410623674
52,0.400508231
53,0.410623674
54,0.400508231
55,0.400508231
56,0.395299355
57,0.398621044
58,0.395299355
59,0.378419865
60,0.384505307
61,0.378419865
62,0.378093879
63,0.378093879
64,0.378419865
65,0.373825151
66,0.373825151
67,0.369729424
68,0.369729424
69,0.369403438
70,0.369356497
71,0.363976309
72,0.362275559
73,0.362904054
74,0.360075609
75,0.357596054
76,0.357133882
77,0.353924921
78,0.349381203
79,0.3505631
80,0.346498227
81,0.341113864
82,0.341113864
83,0.341113864
84,0.341113864
85,0.341113864
86,0.340414951
87,0.340414951
88,0.338978435
89,0.334768456
90,0.335089801
91,0.334716874
92,0.326708716
93,0.334716874
94,0.325703057
95,0.323817755
96,0.320793307
97,0.321945064
98,0.320793307
99,0.320008179
100,0.319682193
101,0.320793307
102,0.313732888
103,0.313732888
104,0.311565603
105,0.306509833
106,0.306509833
107,0.301908268
108,0.301582282
109,0.296828629
110,0.290502209
111,0.301383252
112,0.290502209
113,0.282433414
114,0.281844449
115,0.282217376
116,0.280987642
117,0.281844449
118,0.280987642
119,0.275890956
120,0.274897415
121,0.268570995
122,0.268198068
123,0.268198068
124,0.268198068
125,0.268198068
126,0.26511708
127,0.25720546
128,0.259883337
129,0.25720546
130,0.256683076
131,0.252986333
132,0.252351005
133,0.251978078
134,0.251082767
135,0.251082767
136,0.25192787
137,0.247271674
138,0.247271674
139,0.247221466
140,0.247221466
141,0.243828622
142,0.241191211
143,0.23588803
144,0.23588803
145,0.235885006
146,0.235885006
147,0.230971889
148,0.23325062
149,0.228334479
150,0.22828427
151,0.226499867
152,0.226499867
153,0.226496843
154,0.226496843
155,0.226123741
156,0.222079549
157,0.222079549
158,0.221717881
159,0.221021898
160,0.221024922
161,0.219418159
162,0.215373966
163,0.21394019
164,0.208396221
165,0.213990399
166,0.208396221
167,0.207949293
168,0.207949522
169,0.204982365
170,0.207148089
171,0.203246736
172,0.203246736
173,0.199385952
174,0.19983288
175,0.198108553
176,0.197658602
177,0.192620747
178,0.192620747
179,0.192617723
180,0.186849156
181,0.182337404
182,0.182337404
183,0.181890476
184,0.18130922
185,0.182337404
186,0.18130922
187,0.180770594
188,0.180770594
189,0.18130922
190,0.176218359
191,0.17396245
192,0.17396245
193,0.168720574
194,0.168207839
195,0.166351978
196,0.166351978
197,0.162965963
198,0.16182009
199,0.161942603
200,0.162965963
201,0.160500364
202,0.155968476
203,0.155968476
204,0.154745972
205,0.151918855
206,0.151918855
207,0.151918855
208,0.151885356
209,0.148088633
210,0.145720256
211,0.144346551
212,0.145467358
213,0.140118712
214,0.141978174
215,0.140118712
216,0.140118712
217,0.13951848
218,0.138636889
219,0.138204487
220,0.137894477
221,0.136560265
222,0.13464604
223,0.133297842
224,0.133297842
225,0.130879969
226,0.127529719
227,0.127529719
228,0.127529719
229,0.12642584
230,0.127026072
231,0.123163417
232,0.121667596
233,0.12040279
234,0.117359343
235,0.117359343
236,0.115494305
237,0.117359343
238,0.112323132
239,0.112323132
240,0.112323132
241,0.110458094
242,0.108108816
243,0.108108816
244,0.108108816
245,0.10405132
246,0.10405132
247,0.10405132
248,0.10405132
249,0.103186941
250,0.10405132
251,0.103741616
252,0.101435662
253,0.098064058
254,0.100666476
255,0.098064058
256,0.095580572
257,0.097581407
258,0.095580572
259,0.095580572
260,0.095530469
261,0.095530469
262,0.093403758
263,0.091380438
264,0.093353655
265,0.08915352
266,0.08915352
267,0.08915352
268,0.08915352
269,0.086344666
270,0.086294563
271,0.086344666
272,0.084890534
273,0.082081679
274,0.082031576
275,0.081928756
276,0.081886952
277,0.080136609
278,0.080281233
279,0.080132256
280,0.079987631
281,0.07789175
282,0.07599243
283,0.075907112
284,0.07599243
285,0.073785679
286,0.073785679
287,0.073505634
288,0.072327662
289,0.070566528
290,0.070566528
291,0.070566528
292,0.0704124
293,0.068954384
294,0.068954384
295,0.067928644
296,0.067629892
297,0.06654121
298,0.064538595
299,0.063769077
300,0.063067808
301,0.062779431
302,0.06291368
303,0.05998383
304,0.059829702
305,0.05998383
306,0.056728118
307,0.058841446
308,0.056593869
309,0.055775035
310,0.055620907
311,0.055620907
312,0.055451485
313,0.055451485
314,0.055451485
315,0.055451485
316,0.055451485
317,0.053066032
318,0.053792271
319,0.051580936
320,0.051426808
321,0.050246938
322,0.049023174
323,0.047881474
324,0.046650059
325,0.046669165
326,0.046650059
327,0.046358207
328,0.043698566
329,0.043698566
330,0.041835572
331,0.043698566
332,0.041799283
333,0.040963247
334,0.038630968
335,0.038011754
336,0.038011754
337,0.035740349
338,0.035386472
339,0.035740349
340,0.033714516
341,0.033714516
342,0.033696779
343,0.033696779
344,0.033360639
345,0.033696779
346,0.032354479
347,0.032596009
348,0.031936756
349,0.031936756
350,0.031189864
351,0.030260786
352,0.030260786
353,0.030260786
354,0.029513894
355,0.029513894
356,0.029513894
357,0.027965871
358,0.029513894
359,0.026894178
360,0.026894178
361,0.026894178
362,0.025333791
363,0.025092261
364,0.025092261
365,0.025092261
366,0.025092261
367,0.025092261
368,0.02359414
369,0.02359414
370,0.02359414
371,0.024325835
372,0.023181067
373,0.022827715
374,0.022827715
375,0.022827715
376,0.022414642
377,0.021427859
378,0.021014787
379,0.021014787
380,0.01982397
381,0.019149462
382,0.019149462
383,0.019149462
384,0.017958646
385,0.017958646
386,0.017958646
387,0.017955831
388,0.017169878
389,0.017169878
390,0.017120841
391,0.017118027
392,0.016329259
393,0.015265089
394,0.015265089
395,0.014476321
396,0.014476321
397,0.014473506
398,0.014473506
399,0.014473506
400,0.014473506
401,0.01323836
402,0.01323836
403,0.01323836
404,0.012360417
405,0.012360417
406,0.012363232
407,0.011114153
408,0.010809453
409,0.010673269
410,0.010673269
411,0.010673269
412,0.009723695
413,0.010673269
414,0.008858266
415,0.007570258
416,0.008722083
417,0.007908692
418,0.007706442
419,0.007570258
420,0.007570258
421,0.007020082
422,0.007020082
423,0.005495233
424,0.005495233
425,0.005495233
426,0.004416232
427,0.004416232
428,0.004416232
429,0.004416232
430,0.004416232
431,0.003154825
432,0.003154825
433,0.002397398
434,0.003154825
435,0.002397398
436,0.002293318
437,0.002293318
438,0.002034985
439,0.002293318
440,0.002034985
441,0.002034985
442,0.0019907
443,0.0019907
444,0.001811957
445,0.001882363
446,0.001325213
447,0.001280927
448,0.001102184
449,0.001057898
450,0.000919694
451,0.00093163
452,0.000887344
453,0.000741089
454,0.000741089
455,0.000371227
456,0.000517026
457,0.000560899
458,0.000371227
459,0.000326941
460,0.000326941
461,0.000286811
462,0.000242525
463,0.000242525
464,0.000242525
465,0.000242525
466,0.000158622
467,0.000158622
468,0.000158622
469,0.000158622
470,9.31E-05
471,8.64E-05
472,8.64E-05
473,8.14E-05
474,2.72E-05
475,2.72E-05
476,6.44E-06
477,6.44E-06
478,4.09E-06
479,4.09E-06
480,5.10E-07
481,5.10E-07
482,5.10E-07
483,5.10E-07
484,5.10E-07
485,5.10E-07
486,5.10E-07
487,5.10E-07
488,5.10E-07
489,5.10E-07
490,2.33E-07
491,2.06E-07
492,1.80E-07
493,1.80E-07
494,1.80E-07
495,1.73E-07
496,1.46E-07
497,1.46E-07
498,1.46E-07
499,1.46E-07
500,1.46E-07
501,1.29E-07
502,1.29E-07
503,1.29E-07
504,1.29E-07
505,1.29E-07
506,1.29E-07
507,1.29E-07
508,1.29E-07
509,1.29E-07
510,1.29E-07
511,1.29E-07
512,1.29E-07
513,1.29E-07
514,1.29E-07
515,1.29E-07
516,1.29E-07
517,1.29E-07
518,1.29E-07
519,1.29E-07
520,1.29E-07
521,1.29E-07
522,7.05E-08
523,7.05E-08
524,7.05E-08
525,7.05E-08
526,7.05E-08
527,6.75E-08
528,6.75E-08
529,6.75E-08
530,6.75E-08
531,6.75E-08
532,6.75E-08
533,6.75E-08
534,6.75E-08
535,6.75E-08
536,6.75E-08
537,5.28E-08
538,5.28E-08
539,5.28E-08
540,5.28E-08
541,5.28E-08
542,5.28E-08
543,5.28E-08
544,5.28E-08
545,5.28E-08
546,5.28E-08
547,5.28E-08
548,5.28E-08
549,5.28E-08
550,5.28E-08
551,5.28E-08
552,5.28E-08
553,5.28E-08
554,5.28E-08
555,5.28E-08
556,5.10E-08
557,5.10E-08
558,5.10E-08
559,5.10E-08
560,5.10E-08
561,5.10E-08
562,3.45E-08
563,3.45E-08
564,3.45E-08
565,3.45E-08
566,3.45E-08
567,3.45E-08
568,3.45E-08
569,3.45E-08
570,3.45E-08
571,3.45E-08
572,3.45E-08
573,3.45E-08
574,3.45E-08
575,3.45E-08
576,3.45E-08
577,3.45E-08
578,3.45E-08
579,3.45E-08
580,3.45E-08
581,3.45E-08
582,3.45E-08
583,3.45E-08
584,3.45E-08
585,3.45E-08
586,3.45E-08
587,3.45E-08
588,3.45E-08
589,3.45E-08
590,3.45E-08
591,3.45E-08
592,3.45E-08
593,3.45E-08
594,3.45E-08
595,1.62E-08
596,1.62E-08
597,1.62E-08
598,1.62E-08
599,1.62E-08
600,1.62E-08
601,1.62E-08
602,1.62E-08
603,1.62E-08
604,1.62E-08
605,1.44E-08
606,1.44E-08
607,1.44E-08
608,1.44E-08
609,1.44E-08
610,1.44E-08
611,1.44E-08
612,1.44E-08
613,1.44E-08
614,1.44E-08
615,1.44E-08
616,1.44E-08
617,1.44E-08
618,1.44E-08
619,1.44E-08
620,1.44E-08
621,1.44E-08
622,1.44E-08
623,1.44E-08
624,1.44E-08
625,1.44E-08
626,1.44E-08
627,1.44E-08
628,1.44E-08
629,1.44E-08
630,1.44E-08
631,1.44E-08
632,1.44E-08
633,1.44E-08
634,1.44E-08
635,1.44E-08
636,1.44E-08
637,1.44E-08
638,1.44E-08
639,1.44E-08
640,1.44E-08
641,1.44E-08
642,1.44E-08
643,1.44E-08
644,1.44E-08
645,1.44E-08
646,1.44E-08
647,1.44E-08
648,1.44E-08
649,1.44E-08
650,1.44E-08
651,1.44E-08
652,1.44E-08
653,1.44E-08
654,1.44E-08
655,1.44E-08
656,1.44E-08
657,1.44E-08
658,1.44E-08
659,1.44E-08
660,1.44E-08
661,1.44E-08
662,1.44E-08
663,1.44E-08
664,1.44E-08
665,1.44E-08
666,1.44E-08
667,1.44E-08
668,1.44E-08
669,1.44E-08
670,1.44E-08
671,1.44E-08
672,1.44E-08
673,1.44E-08
674,1.44E-08
675,1.44E-08
676,1.44E-08
677,1.44E-08
678,1.44E-08
679,1.44E-08
680,1.44E-08
681,1.44E-08
682,1.44E-08
683,1.44E-08
684,1.44E-08
685,1.44E-08
686,1.44E-08
687,1.44E-08
688,1.44E-08
689,1.44E-08
690,1.44E-08
691,1.44E-08
692,1.44E-08
693,1.44E-08
694,1.44E-08
695,1.44E-08
696,1.44E-08
697,1.44E-08
698,1.44E-08
699,1.44E-08
700,1.44E-08
701,1.44E-08
702,1.44E-08
703,1.44E-08
704,1.44E-08
705,1.44E-08
706,1.44E-08
707,1.44E-08
708,1.44E-08
709,1.44E-08
710,1.44E-08
711,1.44E-08
712,1.44E-08
713,1.44E-08
714,1.44E-08
715,1.44E-08
716,1.44E-08
717,1.44E-08
718,1.44E-08
719,1.44E-08
720,1.44E-08
721,1.44E-08
722,1.44E-08
723,1.44E-08
724,1.44E-08
725,1.44E-08
726,1.44E-08
727,1.44E-08
728,1.44E-08
729,1.44E-08
730,1.44E-08
731,1.44E-08
732,1.44E-08
733,1.44E-08
734,1.44E-08
735,1.44E-08
736,1.44E-08
737,1.44E-08
738,1.44E-08
739,1.44E-08
740,1.44E-08
741,1.44E-08
742,1.44E-08
743,1.44E-08
744,1.44E-08
745,1.44E-08
746,1.44E-08
747,1.44E-08
748,1.44E-08
749,1.44E-08
750,1.44E-08
751,1.44E-08
752,1.44E-08
753,1.44E-08
754,1.44E-08
755,1.44E-08
756,1.44E-08
757,1.44E-08
758,1.44E-08
759,1.44E-08
760,1.44E-08
761,1.44E-08
762,1.44E-08
763,1.44E-08
764,1.44E-08
765,1.44E-08
766,1.44E-08
767,1.44E-08
768,1.44E-08
769,1.44E-08
770,1.44E-08
771,1.44E-08
772,1.44E-08
773,1.44E-08
774,1.44E-08
775,1.44E-08
776,1.44E-08
777,1.44E-08
778,1.44E-08
779,1.44E-08
780,1.44E-08
781,1.44E-08
782,1.44E-08
783,1.44E-08
784,1.44E-08
785,1.44E-08
786,1.44E-08
787,1.44E-08
788,1.44E-08
789,1.44E-08
790,1.44E-08
791,1.44E-08
792,1.44E-08
793,1.44E-08
794,1.44E-08
795,1.44E-08
796,1.44E-08
797,1.44E-08
798,1.44E-08
799,1.44E-08
800,1.44E-08
801,1.44E-08
802,1.44E-08
803,1.44E-08
804,1.44E-08
805,1.44E-08
806,1.44E-08
807,1.44E-08
808,1.44E-08
809,1.44E-08
810,1.44E-08
811,1.44E-08
812,1.44E-08
813,1.44E-08
814,1.44E-08
815,1.44E-08
816,1.44E-08
817,1.44E-08
818,1.44E-08
819,1.44E-08
820,1.44E-08
821,1.44E-08
822,1.44E-08
823,1.44E-08
824,1.44E-08
825,1.44E-08
826,1.44E-08
827,1.44E-08
828,1.44E-08
829,1.44E-08
830,1.44E-08
831,1.44E-08
832,1.44E-08
833,1.44E-08
834,1.44E-08
835,1.44E-08
836,1.44E-08
837,1.44E-08
838,1.44E-08
839,1.44E-08
840,1.44E-08
841,1.41E-08
842,1.41E-08
843,1.41E-08
844,1.41E-08
845,1.41E-08
846,1.41E-08
847,1.41E-08
848,1.41E-08
849,1.41E-08
850,1.41E-08
851,1.41E-08
852,1.41E-08
853,1.41E-08
854,1.41E-08
855,1.41E-08
856,1.41E-08
857,1.41E-08
858,1.41E-08
859,1.41E-08
860,1.41E-08
861,1.41E-08
862,1.41E-08
863,1.41E-08
864,1.41E-08
865,1.41E-08
866,1.41E-08
867,1.41E-08
868,1.41E-08
869,1.41E-08
870,1.41E-08
871,1.41E-08
872,1.34E-08
873,1.34E-08
874,1.34E-08
875,1.34E-08
876,1.34E-08
877,1.34E-08
878,1.34E-08
879,1.34E-08
880,1.34E-08
881,1.34E-08
882,1.34E-08
883,1.34E-08
884,1.34E-08
885,1.34E-08
886,1.34E-08
887,1.34E-08
888,1.34E-08
889,1.34E-08
890,1.34E-08
891,1.26E-08
892,1.26E-08
893,1.26E-08
894,1.26E-08
895,1.26E-08
896,1.26E-08
897,1.26E-08
898,1.26E-08
899,1.26E-08
900,5.64E-09
901,1.26E-08
902,5.64E-09
903,5.64E-09
904,5.64E-09
905,5.64E-09
906,5.64E-09
907,5.64E-09
908,5.64E-09
909,5.64E-09
910,5.64E-09
911,5.64E-09
912,5.64E-09
913,5.64E-09
914,5.64E-09
915,5.64E-09
916,5.64E-09
917,5.64E-09
918,5.64E-09
919,5.64E-09
920,5.64E-09
921,5.64E-09
922,5.64E-09
923,5.64E-09
924,5.64E-09
925,5.64E-09
926,5.64E-09
927,5.64E-09
928,5.64E-09
929,5.64E-09
930,5.64E-09
931,5.64E-09
932,5.64E-09
933,5.64E-09
934,5.64E-09
935,1.91E-09
936,1.91E-09
937,1.91E-09
938,1.91E-09
939,1.91E-09
940,1.91E-09
941,1.91E-09
942,1.91E-09
943,1.91E-09
944,1.91E-09
945,1.91E-09
946,1.91E-09
947,1.91E-09
948,1.91E-09
949,1.91E-09
950,1.91E-09
951,1.91E-09
952,1.91E-09
953,1.91E-09
954,1.91E-09
955,1.91E-09
956,1.91E-09
957,1.91E-09
958,1.91E-09
959,1.91E-09
960,1.91E-09
961,1.91E-09
962,1.91E-09
963,1.91E-09
964,1.91E-09
965,1.91E-09
966,1.91E-09
967,1.91E-09
968,1.91E-09
969,1.91E-09
970,1.91E-09
971,1.91E-09
972,1.91E-09
973,1.91E-09
974,1.91E-09
975,1.91E-09
976,1.91E-09
977,1.91E-09
978,1.91E-09
979,1.91E-09
980,1.91E-09
981,1.91E-09
982,1.91E-09
983,1.91E-09
984,1.91E-09
985,1.91E-09
986,1.91E-09
987,1.91E-09
988,1.91E-09
989,1.91E-09
990,1.91E-09
991,1.91E-09
992,1.91E-09
993,1.91E-09
994,1.91E-09
995,1.91E-09
996,1.91E-09
997,1.91E-09
998,1.91E-09
999,1.91E-09
1000,1.91E-09
1001,1.91E-09
1002,1.91E-09
1003,1.91E-09
1004,1.91E-09
1005,1.91E-09
1006,1.91E-09
1007,1.91E-09
1008,1.91E-09
1009,1.91E-09
1010,1.91E-09
1011,1.91E-09
1012,1.91E-09
1013,1.91E-09
1014,1.91E-09
1015,1.91E-09
1016,1.91E-09
1017,1.91E-09
1018,1.91E-09
1019,1.91E-09
1020,1.91E-09
1021,1.91E-09
1022,1.91E-09
1023,1.91E-09
1024,1.91E-09
1025,1.91E-09
1026,1.91E-09
1027,1.91E-09
1028,1.91E-09
1029,1.91E-09
1030,1.91E-09
1031,1.91E-09
1032,1.91E-09
1033,1.91E-09
1034,1.91E-09
1035,1.91E-09
1036,1.91E-09
1037,1.91E-09
1038,1.91E-09
1039,1.91E-09
1040,1.91E-09
1041,1.91E-09
1042,1.91E-09
1043,1.91E-09
1044,1.91E-09
1045,1.91E-09
1046,1.91E-09
1047,1.91E-09
1048,1.91E-09
1049,1.91E-09
1050,1.91E-09
1051,1.91E-09
1052,1.91E-09
1053,1.91E-09
1054,1.91E-09
1055,1.91E-09
1056,1.91E-09
1057,1.91E-09
1058,1.91E-09
1059,1.91E-09
1060,1.91E-09
1061,1.91E-09
1062,1.91E-09
1063,1.91E-09
1064,1.91E-09
1065,1.91E-09
1066,1.91E-09
1067,1.91E-09
1068,1.91E-09
1069,1.91E-09
1070,1.91E-09
1071,1.91E-09
1072,1.91E-09
1073,1.91E-09
1074,1.91E-09
1075,1.91E-09
1076,1.91E-09
1077,1.91E-09
1078,1.91E-09
1079,1.91E-09
1080,1.91E-09
1081,1.91E-09
1082,1.91E-09
1083,1.91E-09
1084,1.91E-09
1085,1.91E-09
1086,1.91E-09
1087,1.91E-09
1088,1.91E-09
1089,1.91E-09
1090,1.91E-09
1091,1.91E-09
1092,1.91E-09
1093,1.91E-09
1094,1.91E-09
1095,1.91E-09
1096,1.91E-09
1097,1.91E-09
1098,1.91E-09
1099,1.91E-09
1100,1.91E-09
1101,1.91E-09
1102,1.91E-09
1103,1.91E-09
1104,1.91E-09
1105,1.91E-09
1106,1.91E-09
1107,1.91E-09
1108,1.91E-09
1109,1.91E-09
1110,1.91E-09
1111,1.91E-09
1112,1.91E-09
1113,1.91E-09
1114,1.91E-09
1115,1.91E-09
1116,1.91E-09
1117,1.91E-09
1118,1.91E-09
1119,1.91E-09
1120,1.91E-09
1121,1.91E-09
1122,1.91E-09
1123,1.91E-09
1124,1.91E-09
1125,1.91E-09
1126,1.91E-09
1127,1.91E-09
1128,1.91E-09
1129,1.91E-09
1130,1.91E-09
1131,1.91E-09
1132,1.91E-09
1133,1.91E-09
1134,1.91E-09
1135,1.91E-09
1136,1.91E-09
1137,1.91E-09
1138,1.91E-09
1139,1.91E-09
1140,1.91E-09
1141,1.91E-09
1142,1.91E-09
1143,1.91E-09
1144,1.91E-09
1145,1.91E-09
1146,1.91E-09
1147,1.91E-09
1148,1.91E-09
1149,1.91E-09
1150,1.91E-09
1151,1.91E-09
1152,1.91E-09
1153,1.91E-09
1154,1.91E-09
1155,1.91E-09
1156,1.91E-09
1157,1.91E-09
1158,1.91E-09
1159,1.91E-09
1160,1.91E-09
1161,1.91E-09
1162,1.91E-09
1163,1.91E-09
1164,1.91E-09
1165,1.91E-09
1166,1.91E-09
1167,1.91E-09
1168,1.91E-09
1169,1.91E-09
1170,1.91E-09
1171,1.91E-09
1172,1.91E-09
1173,1.91E-09
1174,1.91E-09
1175,1.91E-09
1176,1.91E-09
1177,1.91E-09
1178,1.91E-09
1179,1.91E-09
1180,1.91E-09
1181,1.91E-09
1182,1.91E-09
1183,1.91E-09
1184,1.91E-09
1185,1.91E-09
1186,1.91E-09
1187,1.91E-09
1188,1.91E-09
1189,1.91E-09
1190,1.91E-09
1191,1.91E-09
1192,1.91E-09
1193,1.91E-09
1194,1.91E-09
1195,1.91E-09
1196,1.91E-09
1197,1.91E-09
1198,1.91E-09
1199,1.91E-09
1200,1.91E-09
1201,1.91E-09
1202,1.91E-09
1203,1.91E-09
1204,1.91E-09
1205,1.91E-09
1206,1.91E-09
1207,1.91E-09
1208,1.91E-09
1209,1.91E-09
1210,1.91E-09
1211,1.91E-09
1212,1.91E-09
1213,1.91E-09
1214,1.09E-09
1215,1.09E-09
1216,1.09E-09
1217,1.09E-09
1218,1.09E-09
1219,1.09E-09
1220,1.09E-09
1221,1.09E-09
1222,1.09E-09
1223,1.09E-09
1224,1.09E-09
1225,1.09E-09
1226,1.09E-09
1227,1.09E-09
1228,1.09E-09
1229,1.09E-09
1230,1.09E-09
1231,1.09E-09
1232,1.09E-09
1233,1.09E-09
1234,1.09E-09
1235,1.09E-09
1236,1.09E-09
1237,1.09E-09
1238,1.09E-09
1239,1.09E-09
1240,1.09E-09
1241,1.09E-09
1242,1.09E-09
1243,1.09E-09
1244,1.09E-09
1245,1.09E-09
1246,1.09E-09
1247,1.09E-09
1248,1.09E-09
1249,1.09E-09
1250,1.09E-09
1251,1.09E-09
1252,1.09E-09
1253,1.09E-09
1254,1.09E-09
1255,1.09E-09
1256,1.09E-09
1257,1.09E-09
1258,1.09E-09
1259,1.09E-09
1260,1.09E-09
1261,1.09E-09
1262,1.09E-09
1263,1.09E-09
1264,1.09E-09
1265,1.09E-09
1266,1.09E-09
1267,1.09E-09
1268,1.09E-09
1269,1.09E-09
1270,1.09E-09
1271,1.09E-09
1272,1.09E-09
1273,1.09E-09
1274,1.09E-09
1275,1.09E-09
1276,1.09E-09
1277,1.09E-09
1278,1.09E-09
1279,1.09E-09
1280,1.09E-09
1281,1.09E-09
1282,1.09E-09
1283,1.09E-09
1284,1.09E-09
1285,1.09E-09
1286,1.09E-09
1287,1.09E-09
1288,1.09E-09
1289,1.09E-09
1290,1.09E-09
1291,1.09E-09
1292,1.09E-09
1293,1.09E-09
1294,1.09E-09
1295,1.09E-09
1296,1.09E-09
1297,1.09E-09
1298,1.09E-09
1299,1.09E-09
1300,1.09E-09
1301,1.09E-09
1302,1.09E-09
1303,1.09E-09
1304,1.09E-09
1305,1.09E-09
1306,1.09E-09
1307,1.09E-09
1308,1.09E-09
1309,1.09E-09
1310,1.09E-09
1311,1.09E-09
1312,1.09E-09
1313,1.09E-09
1314,1.09E-09
1315,1.09E-09
1316,1.09E-09
1317,1.09E-09
1318,1.09E-09
1319,1.09E-09
1320,1.09E-09
1321,1.09E-09
1322,1.09E-09
1323,1.09E-09
1324,1.09E-09
1325,1.09E-09
1326,1.09E-09
1327,1.09E-09
1328,1.09E-09
1329,1.09E-09
1330,1.09E-09
1331,1.09E-09
1332,1.09E-09
1333,1.09E-09
1334,1.09E-09
1335,1.09E-09
1336,1.09E-09
1337,1.09E-09
1338,1.09E-09
1339,1.09E-09
1340,1.09E-09
1341,1.09E-09
1342,1.09E-09
1343,1.09E-09
1344,1.09E-09
1345,1.09E-09
1346,1.09E-09
1347,1.09E-09
1348,1.09E-09
1349,1.09E-09
1350,1.09E-09
1351,1.09E-09
1352,1.09E-09
1353,1.09E-09
1354,1.09E-09
1355,1.09E-09
1356,1.09E-09
1357,1.09E-09
1358,1.09E-09
1359,1.09E-09
1360,1.09E-09
1361,1.09E-09
1362,1.09E-09
1363,1.09E-09
1364,1.09E-09
1365,1.09E-09
1366,1.09E-09
1367,1.09E-09
1368,1.09E-09
1369,1.09E-09
1370,1.09E-09
1371,1.09E-09
1372,1.09E-09
1373,1.09E-09
1374,1.09E-09
1375,1.09E-09
1376,1.09E-09
1377,1.09E-09
1378,1.09E-09
1379,1.09E-09
1380,1.09E-09
1381,1.09E-09
1382,1.09E-09
1383,1.09E-09
1384,1.09E-09
1385,1.09E-09
1386,1.09E-09
1387,1.09E-09
1388,1.09E-09
1389,1.09E-09
1390,1.09E-09
1391,1.09E-09
1392,1.09E-09
1393,1.09E-09
1394,1.09E-09
1395,1.09E-09
1396,1.09E-09
1397,1.09E-09
1398,1.09E-09
1399,1.09E-09
1400,1.09E-09
1401,1.09E-09
1402,7.39E-10
1403,1.09E-09
1404,7.39E-10
1405,7.39E-10
1406,7.39E-10
1407,7.39E-10
1408,7.39E-10
1409,7.39E-10
1410,7.39E-10
1411,7.39E-10
1412,7.39E-10
1413,7.39E-10
1414,7.39E-10
1415,7.39E-10
1416,7.39E-10
1417,7.39E-10
1418,7.39E-10
1419,7.39E-10
1420,7.39E-10
1421,7.39E-10
1422,7.39E-10
1423,7.39E-10
1424,7.39E-10
1425,7.39E-10
1426,7.39E-10
1427,7.39E-10
1428,7.39E-10
1429,7.39E-10
1430,7.39E-10
1431,7.39E-10
1432,7.39E-10
1433,7.39E-10
1434,7.39E-10
1435,7.39E-10
1436,7.39E-10
1437,7.39E-10
1438,7.39E-10
1439,7.39E-10
1440,7.39E-10
1441,7.39E-10
1442,7.39E-10
1443,7.39E-10
1444,7.39E-10
1445,7.39E-10
1446,7.39E-10
1447,7.39E-10
1448,7.39E-10
1449,7.39E-10
1450,7.39E-10
1451,7.39E-10
1452,7.39E-10
1453,7.39E-10
1454,7.39E-10
1455,7.39E-10
1456,7.39E-10
1457,7.39E-10
1458,7.39E-10
1459,7.39E-10
1460,7.39E-10
1461,7.39E-10
1462,7.39E-10
1463,7.39E-10
1464,7.39E-10
1465,7.39E-10
1466,7.39E-10
1467,7.39E-10
1468,7.39E-10
1469,7.39E-10
1470,7.39E-10
1471,7.39E-10
1472,7.39E-10
1473,7.39E-10
1474,7.39E-10
1475,7.39E-10
1476,7.39E-10
1477,7.39E-10
1478,7.39E-10
1479,7.39E-10
1480,7.39E-10
1481,7.39E-10
1482,7.39E-10
1483,7.39E-10
1484,7.39E-10
1485,7.39E-10
1486,7.39E-10
1487,7.39E-10
1488,7.39E-10
1489,7.39E-10
1490,7.39E-10
1491,7.39E-10
1492,7.39E-10
1493,7.39E-10
1494,7.39E-10
1495,7.39E-10
1496,7.39E-10
1497,7.39E-10
1498,7.39E-10
1499,7.39E-10
0,60.152264
1,37.18129424
2,26.30930601
3,21.61525366
4,19.75767299
5,17.69954564
6,12.55593106
7,7.857351018
8,2.916092843
9,10.5836049
10,2.916092843
11,2.419169761
12,2.419169761
13,2.419169761
14,1.547889716
15,0.718015106
16,0.718015106
17,0.718015106
18,0.718015106
19,0.718015106
20,0.710819596
21,0.710819596
22,0.71013198
23,0.708482879
24,0.703237617
25,0.695354491
26,0.700599753
27,0.69315153
28,0.69316284
29,0.686879034
30,0.686879034
31,0.686867724
32,0.677094094
33,0.677094094
34,0.677094094
35,0.675861906
36,0.666076966
37,0.666076966
38,0.666076966
39,0.665931899
40,0.659122939
41,0.654413129
42,0.659122939
43,0.658977872
44,0.658977872
45,0.658977872
46,0.651826282
47,0.651826282
48,0.647116472
49,0.647116472
50,0.646615442
51,0.639661415
52,0.639661415
53,0.639661415
54,0.638496886
55,0.638496886
56,0.638193419
57,0.635379592
58,0.629801913
59,0.621182326
60,0.621182326
61,0.621182326
62,0.621182326
63,0.613377763
64,0.605909537
65,0.612438632
66,0.605375524
67,0.605375524
68,0.605375524
69,0.603426425
70,0.597907298
71,0.595275451
72,0.597907298
73,0.595275451
74,0.592783183
75,0.595275451
76,0.592783183
77,0.58460433
78,0.581946019
79,0.585167485
80,0.575216031
81,0.564544911
82,0.574496364
83,0.561323445
84,0.561323445
85,0.555479755
86,0.558701221
87,0.561323445
88,0.555479755
89,0.549631205
90,0.555474895
91,0.547008948
92,0.547008948
93,0.540734558
94,0.540734558
95,0.540734558
96,0.537819928
97,0.530636158
98,0.526188132
99,0.526188132
100,0.526188132
101,0.526188132
102,0.526188132
103,0.516189927
104,0.516189927
105,0.516189927
106,0.516189927
107,0.508947348
108,0.508947348
109,0.516189927
110,0.499591525
111,0.499591525
112,0.490738992
113,0.490936899
114,0.490936899
115,0.490738992
116,0.483963094
117,0.483963094
118,0.475620383
119,0.475620383
120,0.475620383
121,0.475620383
122,0.473454111
123,0.473454111
124,0.465769705
125,0.4638782
126,0.465769705
127,0.465769705
128,0.461054349
129,0.456193794
130,0.456193794
131,0.456193794
132,0.449312165
133,0.449312165
134,0.443815857
135,0.443815857
136,0.443815857
137,0.443624643
138,0.443624643
139,0.443624643
140,0.443624643
141,0.4353274
142,0.435412843
143,0.42938269
144,0.429468133
145,0.427115601
146,0.421170891
147,0.421170891
148,0.414213212
149,0.414213212
150,0.414213212
151,0.414181997
152,0.414181997
153,0.414181997
154,0.414181997
155,0.409193551
156,0.413890801
157,0.40556677
158,0.401171588
159,0.40556677
160,0.400578325
161,0.398902111
162,0.398902111
163,0.393806367
164,0.391935856
165,0.389518482
166,0.386840112
167,0.386840112
168,0.38694741
169,0.386822345
170,0.38247932
171,0.38247932
172,0.38247932
173,0.380415565
174,0.375584405
175,0.367918181
176,0.367616345
177,0.367616345
178,0.364062948
179,0.362180249
180,0.362180249
181,0.351967263
182,0.357410323
183,0.351967263
184,0.351539218
185,0.347124429
186,0.343571159
187,0.343571159
188,0.343571159
189,0.34098325
190,0.34098325
191,0.337771214
192,0.337659177
193,0.327817956
194,0.325230048
195,0.325230048
196,0.321905974
197,0.319318066
198,0.319318066
199,0.319318066
200,0.319023077
201,0.319023077
202,0.319023077
203,0.314269149
204,0.312659501
205,0.312659501
206,0.312364511
207,0.311354015
208,0.3072727
209,0.306765654
210,0.304165158
211,0.304861016
212,0.304165158
213,0.304165158
214,0.302260521
215,0.300866561
216,0.300866561
217,0.294805042
218,0.290810587
219,0.290042204
220,0.285985095
221,0.285985095
222,0.284823328
223,0.283852229
224,0.279997836
225,0.279997836
226,0.279997836
227,0.279997836
228,0.278227145
229,0.277458762
230,0.274280888
231,0.273151107
232,0.270047655
233,0.269279273
234,0.267914789
235,0.266740198
236,0.265375715
237,0.265375715
238,0.265375715
239,0.261331429
240,0.259921664
241,0.255475913
242,0.255877377
243,0.252730483
244,0.24901326
245,0.24901326
246,0.244328777
247,0.244328777
248,0.244328777
249,0.244328777
250,0.244328777
251,0.244328777
252,0.242171975
253,0.240292446
254,0.23944088
255,0.235404549
256,0.235404549
257,0.229967377
258,0.234539673
259,0.229813825
260,0.224695499
261,0.224695499
262,0.224695499
263,0.223830623
264,0.223830623
265,0.223677072
266,0.22322355
267,0.222117408
268,0.22322355
269,0.218863397
270,0.218863397
271,0.217237896
272,0.211977979
273,0.213766691
274,0.208764933
275,0.208686497
276,0.207580355
277,0.207580355
278,0.202946494
279,0.202868057
280,0.202868057
281,0.201761915
282,0.198818129
283,0.198818129
284,0.197467048
285,0.19839818
286,0.19688249
287,0.194269815
288,0.194255833
289,0.19340859
290,0.189984629
291,0.188633106
292,0.189509466
293,0.188633106
294,0.187288497
295,0.182528148
296,0.182528148
297,0.181334435
298,0.181334435
299,0.176288756
300,0.175643435
301,0.174728666
302,0.173867441
303,0.175373987
304,0.1737375
305,0.1737375
306,0.171961506
307,0.171961506
308,0.171961506
309,0.16812514
310,0.167391158
311,0.16561482
312,0.16527787
313,0.16527787
314,0.16527787
315,0.159353912
316,0.162683913
317,0.163135752
318,0.160087894
319,0.160087894
320,0.159636055
321,0.153566261
322,0.156861227
323,0.152154288
324,0.151900585
325,0.151900585
326,0.150290892
327,0.149211021
328,0.146180667
329,0.146180667
330,0.146180667
331,0.146070284
332,0.146070284
333,0.146070284
334,0.142107453
335,0.141074868
336,0.142107453
337,0.140964484
338,0.140125701
339,0.138775872
340,0.140125701
341,0.137632903
342,0.137037079
343,0.137037079
344,0.133866796
345,0.134352144
346,0.133848998
347,0.130824825
348,0.131470383
349,0.130824825
350,0.129291757
351,0.126824848
352,0.129291757
353,0.125521578
354,0.126263511
355,0.124073427
356,0.124006399
357,0.124420132
358,0.124006399
359,0.124006399
360,0.121396128
361,0.120411711
362,0.118255876
363,0.118255876
364,0.117513942
365,0.118255876
366,0.116487605
367,0.114566851
368,0.113589836
369,0.113589836
370,0.111870002
371,0.108922911
372,0.108180977
373,0.108180977
374,0.107239164
375,0.106552432
376,0.106106784
377,0.102843348
378,0.102690577
379,0.102353728
380,0.100544535
381,0.100391764
382,0.099419282
383,0.098675156
384,0.096376344
385,0.096376344
386,0.096376344
387,0.096376344
388,0.09404658
389,0.09404658
390,0.09404658
391,0.09404658
392,0.093704947
393,0.092478938
394,0.092478938
395,0.091375183
396,0.088191388
397,0.089807541
398,0.088191388
399,0.086524226
400,0.083058297
401,0.084865562
402,0.083198401
403,0.081911424
404,0.08262384
405,0.081391136
406,0.080524009
407,0.078716744
408,0.078716744
409,0.078716744
410,0.0765805
411,0.078716744
412,0.074639094
413,0.074639094
414,0.073818637
415,0.073410079
416,0.071877231
417,0.071877231
418,0.070209601
419,0.068298118
420,0.068298118
421,0.065763813
422,0.068113911
423,0.065488051
424,0.065268281
425,0.062733976
426,0.060108116
427,0.060108116
428,0.060108116
429,0.060108116
430,0.060108116
431,0.060108116
432,0.05698847
433,0.05698847
434,0.056757889
435,0.056757889
436,0.054776284
437,0.054076858
438,0.054076858
439,0.053525853
440,0.051656638
441,0.051218023
442,0.051656638
443,0.049352562
444,0.050667018
445,0.050667018
446,0.049352562
447,0.048309118
448,0.046005042
449,0.046666512
450,0.046005042
451,0.046005042
452,0.044308612
453,0.04096353
454,0.04332143
455,0.04096353
456,0.04096353
457,0.04096353
458,0.040894383
459,0.039252338
460,0.039252338
461,0.038688171
462,0.039183191
463,0.036010743
464,0.037507979
465,0.036976979
466,0.03459978
467,0.03459978
468,0.03357568
469,0.03357568
470,0.032164717
471,0.032164717
472,0.032160931
473,0.032164717
474,0.032160931
475,0.031240069
476,0.031240069
477,0.028680609
478,0.030091572
479,0.028676823
480,0.028651044
481,0.027039482
482,0.027035696
483,0.025445881
484,0.025445881
485,0.024962903
486,0.024407298
487,0.023296675
488,0.022813697
489,0.021408603
490,0.021408603
491,0.020925626
492,0.021408603
493,0.01990019
494,0.019417213
495,0.019150337
496,0.019150337
497,0.019150337
498,0.019150337
499,0.019150337
500,0.019150337
501,0.018759687
502,0.018759687
503,0.018759687
504,0.01779516
505,0.017045907
506,0.016573448
507,0.016436769
508,0.015058046
509,0.014871125
510,0.014871125
511,0.014354575
512,0.013648101
513,0.013405229
514,0.013163834
515,0.012182205
516,0.0120112
517,0.011341856
518,0.011824279
519,0.01153438
520,0.011154935
521,0.010125486
522,0.010125486
523,0.008965293
524,0.010124427
525,0.009474421
526,0.007934785
527,0.007902657
528,0.007902657
529,0.007902657
530,0.007545619
531,0.007003548
532,0.007115013
533,0.00714714
534,0.006736478
535,0.006337998
536,0.005837369
537,0.005837369
538,0.005837369
539,0.00543889
540,0.00543889
541,0.005314768
542,0.004814138
543,0.004415659
544,0.00521955
545,0.004415659
546,0.004225303
547,0.00379784
548,0.00379784
549,0.003607194
550,0.003607194
551,0.003237289
552,0.00296102
553,0.003046643
554,0.00296102
555,0.00296102
556,0.002770373
557,0.002526392
558,0.002526392
559,0.00237651
560,0.002526392
561,0.001829299
562,0.001829299
563,0.001742082
564,0.001465813
565,0.001465813
566,0.001465813
567,0.001379186
568,0.001135204
569,0.001135204
570,0.001135204
571,0.001032354
572,0.001020185
573,0.001020185
574,0.001020185
575,0.0006114
576,0.000949464
577,0.000437828
578,0.000437828
579,0.000380944
580,0.000350737
581,0.000348002
582,0.000335834
583,0.000306021
584,0.000293853
585,0.000168107
586,0.000220148
587,0.000105129
588,0.000111224
589,6.04E-05
590,0.000105129
591,5.12E-05
592,5.12E-05
593,3.90E-05
594,3.90E-05
595,3.90E-05
596,3.90E-05
597,3.90E-05
598,3.90E-05
599,3.90E-05
600,3.90E-05
601,2.50E-05
602,2.50E-05
603,1.58E-05
604,1.57E-05
605,1.57E-05
606,5.99E-06
607,5.99E-06
608,5.38E-06
609,1.45E-06
610,9.89E-07
611,1.45E-06
612,1.45E-06
613,9.89E-07
614,1.34E-06
615,9.89E-07
616,9.89E-07
617,9.89E-07
618,9.89E-07
619,9.89E-07
620,9.89E-07
621,9.89E-07
622,9.89E-07
623,9.89E-07
624,9.89E-07
625,9.89E-07
626,9.89E-07
627,9.89E-07
628,9.89E-07
629,9.89E-07
630,9.89E-07
631,9.89E-07
632,9.89E-07
633,9.89E-07
634,9.89E-07
635,9.89E-07
636,9.89E-07
637,5.95E-07
638,5.95E-07
639,4.15E-07
640,4.15E-07
641,4.15E-07
642,4.15E-07
643,4.15E-07
644,4.15E-07
645,4.15E-07
646,4.15E-07
647,4.15E-07
648,4.15E-07
649,4.15E-07
650,4.15E-07
651,4.15E-07
652,4.15E-07
653,4.15E-07
654,2.97E-07
655,2.97E-07
656,2.97E-07
657,2.97E-07
658,2.97E-07
659,2.97E-07
660,2.97E-07
661,2.97E-07
662,2.64E-07
663,1.92E-07
664,1.92E-07
665,1.92E-07
666,1.92E-07
667,1.92E-07
668,1.92E-07
669,1.92E-07
670,1.92E-07
671,1.43E-07
672,1.43E-07
673,1.43E-07
674,1.43E-07
675,1.43E-07
676,1.43E-07
677,1.43E-07
678,1.43E-07
679,1.43E-07
680,1.43E-07
681,1.43E-07
682,1.43E-07
683,1.43E-07
684,1.43E-07
685,1.43E-07
686,1.43E-07
687,1.43E-07
688,1.43E-07
689,1.43E-07
690,1.43E-07
691,1.43E-07
692,1.43E-07
693,1.43E-07
694,1.43E-07
695,1.43E-07
696,1.43E-07
697,1.43E-07
698,1.43E-07
699,1.43E-07
700,1.43E-07
701,1.43E-07
702,1.43E-07
703,1.43E-07
704,1.43E-07
705,1.43E-07
706,1.43E-07
707,1.43E-07
708,1.43E-07
709,1.43E-07
710,1.43E-07
711,1.43E-07
712,1.43E-07
713,1.43E-07
714,1.42E-07
715,1.42E-07
716,1.42E-07
717,4.63E-08
718,4.63E-08
719,4.63E-08
720,4.63E-08
721,4.53E-08
722,4.53E-08
723,4.53E-08
724,4.53E-08
725,4.53E-08
726,4.53E-08
727,4.53E-08
728,4.53E-08
729,4.53E-08
730,4.53E-08
731,4.53E-08
732,4.53E-08
733,3.51E-08
734,3.51E-08
735,3.51E-08
736,3.51E-08
737,3.51E-08
738,3.51E-08
739,3.51E-08
740,8.28E-09
741,3.51E-08
742,8.28E-09
743,8.28E-09
744,8.28E-09
745,8.28E-09
746,8.28E-09
747,8.28E-09
748,8.28E-09
749,8.28E-09
750,8.28E-09
751,8.28E-09
752,8.28E-09
753,8.28E-09
754,8.28E-09
755,8.28E-09
756,8.28E-09
757,8.28E-09
758,8.28E-09
759,8.28E-09
760,8.28E-09
761,8.28E-09
762,8.28E-09
763,8.28E-09
764,8.28E-09
765,8.28E-09
766,8.28E-09
767,8.28E-09
768,8.28E-09
769,8.28E-09
770,8.28E-09
771,8.28E-09
772,8.28E-09
773,8.28E-09
774,8.28E-09
775,8.28E-09
776,8.28E-09
777,8.28E-09
778,8.28E-09
779,8.28E-09
780,8.28E-09
781,8.28E-09
782,8.28E-09
783,8.28E-09
784,8.28E-09
785,8.28E-09
786,8.28E-09
787,8.28E-09
788,8.28E-09
789,8.28E-09
790,8.28E-09
791,8.28E-09
792,8.28E-09
793,8.28E-09
794,8.28E-09
795,8.28E-09
796,8.28E-09
797,8.28E-09
798,8.28E-09
799,8.28E-09
800,8.28E-09
801,8.28E-09
802,8.28E-09
803,8.28E-09
804,8.28E-09
805,8.28E-09
806,8.28E-09
807,8.28E-09
808,8.28E-09
809,8.28E-09
810,8.28E-09
811,8.28E-09
812,8.28E-09
813,8.28E-09
814,8.28E-09
815,8.28E-09
816,8.28E-09
817,8.28E-09
818,8.28E-09
819,8.28E-09
820,8.28E-09
821,8.28E-09
822,8.28E-09
823,8.28E-09
824,8.28E-09
825,8.28E-09
826,8.28E-09
827,8.28E-09
828,8.28E-09
829,8.28E-09
830,8.28E-09
831,8.28E-09
832,4.62E-09
833,4.62E-09
834,4.62E-09
835,4.62E-09
836,4.62E-09
837,4.62E-09
838,4.62E-09
839,4.62E-09
840,4.62E-09
841,4.62E-09
842,4.62E-09
843,4.62E-09
844,4.62E-09
845,4.62E-09
846,4.62E-09
847,4.62E-09
848,4.62E-09
849,4.62E-09
850,4.62E-09
851,4.62E-09
852,4.62E-09
853,4.62E-09
854,4.62E-09
855,4.62E-09
856,4.62E-09
857,4.62E-09
858,4.62E-09
859,4.62E-09
860,4.62E-09
861,4.62E-09
862,4.62E-09
863,4.62E-09
864,4.62E-09
865,4.62E-09
866,4.62E-09
867,4.62E-09
868,4.62E-09
869,4.62E-09
870,4.62E-09
871,4.62E-09
872,4.62E-09
873,4.62E-09
874,4.62E-09
875,4.62E-09
876,4.62E-09
877,4.62E-09
878,4.62E-09
879,4.62E-09
880,4.62E-09
881,4.62E-09
882,4.62E-09
883,4.62E-09
884,4.62E-09
885,4.62E-09
886,4.62E-09
887,4.62E-09
888,4.62E-09
889,4.62E-09
890,4.62E-09
891,4.62E-09
892,4.62E-09
893,4.62E-09
894,4.62E-09
895,3.34E-09
896,3.34E-09
897,3.34E-09
898,3.34E-09
899,3.34E-09
900,3.34E-09
901,3.34E-09
902,3.34E-09
903,3.34E-09
904,3.34E-09
905,3.34E-09
906,3.34E-09
907,3.25E-09
908,3.25E-09
909,3.25E-09
910,3.25E-09
911,3.25E-09
912,3.25E-09
913,3.25E-09
914,3.25E-09
915,3.25E-09
916,3.25E-09
917,3.25E-09
918,3.25E-09
919,3.25E-09
920,3.25E-09
921,3.25E-09
922,3.25E-09
923,3.25E-09
924,3.25E-09
925,3.25E-09
926,3.25E-09
927,3.25E-09
928,3.25E-09
929,3.25E-09
930,3.25E-09
931,3.25E-09
932,3.25E-09
933,3.25E-09
934,3.25E-09
935,3.25E-09
936,3.25E-09
937,3.25E-09
938,3.25E-09
939,3.25E-09
940,3.25E-09
941,3.25E-09
942,3.25E-09
943,3.25E-09
944,3.25E-09
945,3.25E-09
946,3.25E-09
947,3.25E-09
948,3.25E-09
949,3.25E-09
950,3.25E-09
951,3.25E-09
952,3.25E-09
953,3.25E-09
954,3.25E-09
955,3.25E-09
956,3.25E-09
957,3.25E-09
958,3.25E-09
959,3.25E-09
960,3.25E-09
961,3.25E-09
962,3.25E-09
963,3.25E-09
964,3.25E-09
965,3.25E-09
966,3.25E-09
967,3.25E-09
968,3.25E-09
969,3.25E-09
970,3.25E-09
971,3.25E-09
972,3.25E-09
973,3.25E-09
974,3.25E-09
975,3.25E-09
976,3.25E-09
977,3.25E-09
978,3.25E-09
979,3.25E-09
980,3.25E-09
981,3.25E-09
982,3.25E-09
983,3.25E-09
984,3.25E-09
985,3.25E-09
986,3.25E-09
987,3.25E-09
988,2.00E-09
989,2.00E-09
990,2.00E-09
991,2.00E-09
992,2.00E-09
993,2.00E-09
994,2.00E-09
995,2.00E-09
996,2.00E-09
997,2.00E-09
998,2.00E-09
999,2.00E-09
1000,2.00E-09
1001,2.00E-09
1002,2.00E-09
1003,2.00E-09
1004,2.00E-09
1005,2.00E-09
1006,2.00E-09
1007,2.00E-09
1008,2.00E-09
1009,2.00E-09
1010,2.00E-09
1011,2.00E-09
1012,2.00E-09
1013,2.00E-09
1014,2.00E-09
1015,2.00E-09
1016,2.00E-09
1017,2.00E-09
1018,2.00E-09
1019,2.00E-09
1020,2.00E-09
1021,2.00E-09
1022,2.00E-09
1023,2.00E-09
1024,2.00E-09
1025,2.00E-09
1026,2.00E-09
1027,2.00E-09
1028,2.00E-09
1029,2.00E-09
1030,2.00E-09
1031,2.00E-09
1032,2.00E-09
1033,2.00E-09
1034,2.00E-09
1035,2.00E-09
1036,2.00E-09
1037,2.00E-09
1038,2.00E-09
1039,2.00E-09
1040,2.00E-09
1041,2.00E-09
1042,2.00E-09
1043,2.00E-09
1044,2.00E-09
1045,2.00E-09
1046,2.00E-09
1047,2.00E-09
1048,2.00E-09
1049,2.00E-09
1050,2.00E-09
1051,2.00E-09
1052,2.00E-09
1053,2.00E-09
1054,2.00E-09
1055,2.00E-09
1056,2.00E-09
1057,2.00E-09
1058,2.00E-09
1059,2.00E-09
1060,2.00E-09
1061,2.00E-09
1062,2.00E-09
1063,2.00E-09
1064,2.00E-09
1065,2.00E-09
1066,2.00E-09
1067,2.00E-09
1068,2.00E-09
1069,2.00E-09
1070,2.00E-09
1071,2.00E-09
1072,2.00E-09
1073,2.00E-09
1074,2.00E-09
1075,2.00E-09
1076,2.00E-09
1077,2.00E-09
1078,2.00E-09
1079,2.00E-09
1080,2.00E-09
1081,2.00E-09
1082,2.00E-09
1083,2.00E-09
1084,2.00E-09
1085,2.00E-09
1086,2.00E-09
1087,2.00E-09
1088,2.00E-09
1089,2.00E-09
1090,2.00E-09
1091,2.00E-09
1092,2.00E-09
1093,2.00E-09
1094,2.00E-09
1095,2.00E-09
1096,1.98E-09
1097,1.98E-09
1098,1.98E-09
1099,1.98E-09
1100,1.98E-09
1101,1.98E-09
1102,1.98E-09
1103,1.98E-09
1104,1.98E-09
1105,1.98E-09
1106,1.98E-09
1107,1.98E-09
1108,1.98E-09
1109,1.98E-09
1110,1.98E-09
1111,1.98E-09
1112,1.98E-09
1113,1.98E-09
1114,1.98E-09
1115,1.98E-09
1116,1.98E-09
1117,1.98E-09
1118,1.98E-09
1119,1.98E-09
1120,1.98E-09
1121,1.98E-09
1122,1.98E-09
1123,1.98E-09
1124,1.98E-09
1125,1.98E-09
1126,1.98E-09
1127,1.98E-09
1128,1.96E-09
1129,1.96E-09
1130,1.96E-09
1131,1.96E-09
1132,1.96E-09
1133,1.96E-09
1134,1.96E-09
1135,1.96E-09
1136,1.96E-09
1137,1.96E-09
1138,1.96E-09
1139,1.96E-09
1140,1.96E-09
1141,1.96E-09
1142,1.96E-09
1143,1.96E-09
1144,1.96E-09
1145,1.96E-09
1146,1.96E-09
1147,1.96E-09
1148,1.96E-09
1149,1.96E-09
1150,1.96E-09
1151,1.96E-09
1152,1.96E-09
1153,1.96E-09
1154,1.96E-09
1155,1.96E-09
1156,1.96E-09
1157,1.96E-09
1158,1.96E-09
1159,1.96E-09
1160,1.96E-09
1161,1.96E-09
1162,1.96E-09
1163,1.96E-09
1164,1.96E-09
1165,1.96E-09
1166,1.96E-09
1167,1.96E-09
1168,1.96E-09
1169,1.96E-09
1170,1.96E-09
1171,1.96E-09
1172,1.96E-09
1173,1.96E-09
1174,1.96E-09
1175,1.96E-09
1176,1.96E-09
1177,1.96E-09
1178,1.96E-09
1179,1.96E-09
1180,1.96E-09
1181,1.96E-09
1182,1.96E-09
1183,1.96E-09
1184,1.96E-09
1185,1.96E-09
1186,1.96E-09
1187,1.96E-09
1188,1.96E-09
1189,1.96E-09
1190,1.96E-09
1191,1.96E-09
1192,1.96E-09
1193,1.96E-09
1194,1.96E-09
1195,1.96E-09
1196,1.96E-09
1197,1.96E-09
1198,1.96E-09
1199,1.96E-09
1200,1.96E-09
1201,1.96E-09
1202,1.96E-09
1203,1.96E-09
1204,1.96E-09
1205,1.96E-09
1206,1.96E-09
1207,1.96E-09
1208,1.96E-09
1209,1.96E-09
1210,1.96E-09
1211,1.96E-09
1212,1.96E-09
1213,1.96E-09
1214,1.96E-09
1215,1.96E-09
1216,1.96E-09
1217,1.96E-09
1218,1.96E-09
1219,1.96E-09
1220,1.96E-09
1221,1.96E-09
1222,1.96E-09
1223,1.96E-09
1224,1.96E-09
1225,1.96E-09
1226,1.96E-09
1227,1.96E-09
1228,1.96E-09
1229,1.96E-09
1230,1.96E-09
1231,1.96E-09
1232,1.96E-09
1233,1.96E-09
1234,1.96E-09
1235,1.96E-09
1236,1.96E-09
1237,1.96E-09
1238,1.96E-09
1239,1.96E-09
1240,1.96E-09
1241,1.96E-09
1242,1.96E-09
1243,1.96E-09
1244,1.96E-09
1245,1.96E-09
1246,1.96E-09
1247,1.96E-09
1248,1.96E-09
1249,1.96E-09
1250,1.96E-09
1251,1.96E-09
1252,1.96E-09
1253,1.96E-09
1254,1.96E-09
1255,1.96E-09
1256,1.96E-09
1257,1.96E-09
1258,1.96E-09
1259,1.96E-09
1260,1.96E-09
1261,1.96E-09
1262,1.96E-09
1263,1.96E-09
1264,1.96E-09
1265,1.96E-09
1266,1.96E-09
1267,1.96E-09
1268,1.96E-09
1269,1.96E-09
1270,1.96E-09
1271,1.96E-09
1272,1.96E-09
1273,1.96E-09
1274,1.96E-09
1275,1.96E-09
1276,1.96E-09
1277,1.96E-09
1278,1.96E-09
1279,1.96E-09
1280,1.96E-09
1281,1.96E-09
1282,1.96E-09
1283,1.96E-09
1284,1.96E-09
1285,1.96E-09
1286,1.96E-09
1287,1.96E-09
1288,1.96E-09
1289,1.96E-09
1290,1.96E-09
1291,1.96E-09
1292,1.96E-09
1293,1.96E-09
1294,1.96E-09
1295,1.96E-09
1296,1.96E-09
1297,1.96E-09
1298,1.96E-09
1299,1.96E-09
1300,1.96E-09
1301,1.96E-09
1302,1.96E-09
1303,1.96E-09
1304,1.96E-09
1305,1.96E-09
1306,1.96E-09
1307,1.96E-09
1308,1.96E-09
1309,1.96E-09
1310,1.96E-09
1311,1.96E-09
1312,1.96E-09
1313,1.96E-09
1314,1.96E-09
1315,1.96E-09
1316,1.96E-09
1317,1.96E-09
1318,1.96E-09
1319,1.96E-09
1320,1.96E-09
1321,1.96E-09
1322,1.96E-09
1323,1.96E-09
1324,1.96E-09
1325,1.96E-09
1326,1.96E-09
1327,1.96E-09
1328,1.96E-09
1329,1.96E-09
1330,1.96E-09
1331,1.96E-09
1332,1.96E-09
1333,1.96E-09
1334,1.96E-09
1335,1.96E-09
1336,1.96E-09
1337,1.96E-09
1338,1.96E-09
1339,1.96E-09
1340,1.96E-09
1341,1.96E-09
1342,1.96E-09
1343,1.96E-09
1344,2.79E-10
1345,2.79E-10
1346,2.79E-10
1347,2.79E-10
1348,2.79E-10
1349,2.79E-10
1350,2.79E-10
1351,2.79E-10
1352,2.79E-10
1353,2.79E-10
1354,2.79E-10
1355,2.79E-10
1356,2.79E-10
1357,2.79E-10
1358,2.79E-10
1359,2.79E-10
1360,2.79E-10
1361,2.79E-10
1362,2.79E-10
1363,2.79E-10
1364,2.68E-10
1365,2.79E-10
1366,2.68E-10
1367,2.68E-10
1368,2.68E-10
1369,2.68E-10
1370,2.68E-10
1371,2.68E-10
1372,2.68E-10
1373,2.68E-10
1374,2.68E-10
1375,2.68E-10
1376,2.68E-10
1377,2.68E-10
1378,2.68E-10
1379,2.68E-10
1380,2.68E-10
1381,2.68E-10
1382,2.68E-10
1383,2.68E-10
1384,2.68E-10
1385,2.68E-10
1386,2.68E-10
1387,2.68E-10
1388,2.68E-10
1389,2.68E-10
1390,2.68E-10
1391,2.68E-10
1392,2.68E-10
1393,2.68E-10
1394,2.68E-10
1395,2.68E-10
1396,2.68E-10
1397,2.68E-10
1398,2.68E-10
1399,2.68E-10
1400,2.68E-10
1401,2.68E-10
1402,2.68E-10
1403,2.68E-10
1404,2.68E-10
1405,2.68E-10
1406,2.68E-10
1407,2.68E-10
1408,2.68E-10
1409,2.68E-10
1410,2.68E-10
1411,2.68E-10
1412,2.68E-10
1413,2.68E-10
1414,2.68E-10
1415,2.68E-10
1416,2.68E-10
1417,2.68E-10
1418,2.68E-10
1419,2.68E-10
1420,2.68E-10
1421,2.68E-10
1422,1.27E-10
1423,1.27E-10
1424,1.27E-10
1425,1.27E-10
1426,1.27E-10
1427,1.27E-10
1428,1.27E-10
1429,1.27E-10
1430,1.27E-10
1431,1.27E-10
1432,1.27E-10
1433,1.27E-10
1434,1.27E-10
1435,1.27E-10
1436,1.27E-10
1437,1.27E-10
1438,1.27E-10
1439,1.27E-10
1440,1.27E-10
1441,1.27E-10
1442,1.27E-10
1443,1.27E-10
1444,1.27E-10
1445,1.27E-10
1446,1.27E-10
1447,1.27E-10
1448,1.27E-10
1449,1.27E-10
1450,1.27E-10
1451,1.27E-10
1452,8.63E-11
1453,8.63E-11
1454,8.63E-11
1455,8.63E-11
1456,8.63E-11
1457,8.63E-11
1458,8.63E-11
1459,8.63E-11
1460,8.63E-11
1461,8.63E-11
1462,8.63E-11
1463,8.63E-11
1464,8.63E-11
1465,8.63E-11
1466,8.63E-11
1467,8.63E-11
1468,8.63E-11
1469,8.63E-11
1470,8.63E-11
1471,8.63E-11
1472,8.63E-11
1473,8.63E-11
1474,8.63E-11
1475,8.63E-11
1476,8.63E-11
1477,8.63E-11
1478,8.63E-11
1479,8.63E-11
1480,8.63E-11
1481,8.63E-11
1482,8.63E-11
1483,8.63E-11
1484,8.63E-11
1485,8.63E-11
1486,8.63E-11
1487,8.63E-11
1488,8.63E-11
1489,8.63E-11
1490,8.63E-11
1491,8.63E-11
1492,8.63E-11
1493,8.63E-11
1494,8.63E-11
1495,8.63E-11
1496,8.63E-11
1497,8.63E-11
1498,8.63E-11
1499,8.63E-11
0,47.7960282
1,36.60088226
2,36.60088226
3,33.82266818
4,22.30292798
5,15.64664089
6,10.86202617
7,5.608159463
8,5.608159463
9,5.583148102
10,3.504631655
11,3.504631655
12,2.41435919
13,3.504631655
14,2.36951978
15,2.36951978
16,2.36951978
17,1.255046337
18,1.255046337
19,1.158159547
20,1.13138695
21,0.553468578
22,0.553468578
23,0.526695981
24,0.650355368
25,0.429809191
26,0.526695981
27,0.429809191
28,0.429809191
29,0.400855708
30,0.400855708
31,0.400855708
32,0.400855708
33,0.388068286
34,0.388068286
35,0.388068286
36,0.388068286
37,0.384776945
38,0.388068286
39,0.388068286
40,0.378069349
41,0.373166315
42,0.374778008
43,0.371377133
44,0.369874974
45,0.368085792
46,0.367321568
47,0.366790157
48,0.366790157
49,0.364030228
50,0.365956583
51,0.361461429
52,0.361461429
53,0.360165794
54,0.360165794
55,0.358272234
56,0.358272234
57,0.357913237
58,0.358272234
59,0.356588102
60,0.354547379
61,0.351029075
62,0.351671515
63,0.350677067
64,0.350677067
65,0.343528612
66,0.339803756
67,0.339060784
68,0.336206155
69,0.336528741
70,0.336528741
71,0.330198135
72,0.326705247
73,0.327096213
74,0.31938279
75,0.320096342
76,0.320096342
77,0.317686752
78,0.315027878
79,0.314314327
80,0.315027878
81,0.312156211
82,0.30971
83,0.309746622
84,0.30971
85,0.30971
86,0.307620886
87,0.307620886
88,0.307620886
89,0.307620886
90,0.303080435
91,0.303043814
92,0.3009547
93,0.294542252
94,0.292453138
95,0.292453138
96,0.290781933
97,0.288633655
98,0.286544542
99,0.286544542
100,0.288670277
101,0.286544542
102,0.280271792
103,0.276160264
104,0.278123515
105,0.276160264
106,0.269381518
107,0.276160264
108,0.276160264
109,0.26487965
110,0.266167988
111,0.261141465
112,0.262391744
113,0.259634769
114,0.260398454
115,0.258435203
116,0.254225589
117,0.254225589
118,0.254174876
119,0.251686971
120,0.251686971
121,0.251686971
122,0.246661193
123,0.246661193
124,0.246661193
125,0.246661193
126,0.242973777
127,0.242973777
128,0.242973777
129,0.242487212
130,0.236294233
131,0.236294233
132,0.236294233
133,0.234791455
134,0.234791455
135,0.234791455
136,0.234791455
137,0.234373902
138,0.233564298
139,0.233564298
140,0.231643967
141,0.231643967
142,0.23094475
143,0.227879861
144,0.223757536
145,0.223757536
146,0.227521641
147,0.223757536
148,0.222480739
149,0.222480739
150,0.221222969
151,0.220019958
152,0.219719737
153,0.215241118
154,0.216517915
155,0.219278917
156,0.215007725
157,0.215007725
158,0.213730928
159,0.213730928
160,0.213730928
161,0.212813447
162,0.212100246
163,0.208768244
164,0.208768244
165,0.207137563
166,0.203428039
167,0.2067808
168,0.201797358
169,0.199809915
170,0.199809915
171,0.20079328
172,0.198805836
173,0.197166505
174,0.192816523
175,0.19354838
176,0.191914057
177,0.190003474
178,0.190003474
179,0.179725525
180,0.179871889
181,0.179871889
182,0.179441105
183,0.178721446
184,0.179441105
185,0.178721446
186,0.174622674
187,0.174622674
188,0.174622674
189,0.171343194
190,0.171343194
191,0.171343194
192,0.171343194
193,0.171343194
194,0.168885563
195,0.16538462
196,0.16538462
197,0.164761366
198,0.161163336
199,0.162102824
200,0.161163336
201,0.161163336
202,0.158432853
203,0.15421157
204,0.15421157
205,0.154022196
206,0.15421157
207,0.153995224
208,0.14988902
209,0.145667736
210,0.145857111
211,0.143547825
212,0.143547825
213,0.143520854
214,0.143520854
215,0.14176304
216,0.139669826
217,0.139642854
218,0.13909191
219,0.13909191
220,0.138897978
221,0.13909191
222,0.13855251
223,0.137362686
224,0.129169393
225,0.129169393
226,0.130386189
227,0.128079049
228,0.131224122
229,0.127826154
230,0.128079049
231,0.12727521
232,0.126375252
233,0.125856078
234,0.124961912
235,0.117340266
236,0.117340266
237,0.117325774
238,0.116425816
239,0.116425816
240,0.116425816
241,0.114777087
242,0.111106057
243,0.111106057
244,0.109868953
245,0.108794365
246,0.108794365
247,0.10412816
248,0.10412816
249,0.101976606
250,0.099493198
251,0.099787014
252,0.099853755
253,0.098165898
254,0.098919662
255,0.098919662
256,0.098165898
257,0.098165898
258,0.096334306
259,0.096334306
260,0.096334306
261,0.088828863
262,0.088828863
263,0.091414219
264,0.087271389
265,0.086280191
266,0.082234009
267,0.083765889
268,0.083765889
269,0.083765889
270,0.082234009
271,0.082229477
272,0.081845087
273,0.080334268
274,0.080338801
275,0.080308675
276,0.079091676
277,0.077677703
278,0.07758539
279,0.076855466
280,0.077559796
281,0.076855466
282,0.072238567
283,0.071454819
284,0.071450287
285,0.071454819
286,0.069810258
287,0.065590163
288,0.064565633
289,0.064565633
290,0.064565633
291,0.063971196
292,0.063945602
293,0.060017574
294,0.062302135
295,0.063699406
296,0.059423138
297,0.059151348
298,0.059146815
299,0.058708949
300,0.058923472
301,0.058455479
302,0.058429886
303,0.058429886
304,0.058410341
305,0.055986606
306,0.053296745
307,0.053296745
308,0.052924371
309,0.05317784
310,0.053296745
311,0.052239351
312,0.047823032
313,0.047138012
314,0.046884506
315,0.047138012
316,0.046631036
317,0.046258661
318,0.041653402
319,0.041653402
320,0.041653402
321,0.041653402
322,0.041473201
323,0.041473201
324,0.041473201
325,0.038885215
326,0.041380725
327,0.038885215
328,0.038885215
329,0.038885215
330,0.038582566
331,0.038439527
332,0.037318697
333,0.036835846
334,0.037138495
335,0.036835846
336,0.036512606
337,0.036512606
338,0.036014464
339,0.033981874
340,0.032235154
341,0.031029097
342,0.030930921
343,0.030930921
344,0.030930921
345,0.030930921
346,0.030600521
347,0.029901725
348,0.029901725
349,0.029871115
350,0.0278564
351,0.025522971
352,0.023829382
353,0.023829382
354,0.022196499
355,0.022196499
356,0.022196499
357,0.021767923
358,0.021767923
359,0.021385242
360,0.021385242
361,0.021107215
362,0.020724534
363,0.020604566
364,0.02017599
365,0.02017599
366,0.019727966
367,0.019727966
368,0.018603402
369,0.018603402
370,0.017654782
371,0.017145825
372,0.017272101
373,0.016724172
374,0.016724172
375,0.016724172
376,0.016724172
377,0.015315824
378,0.015805153
379,0.015315824
380,0.015139729
381,0.014768698
382,0.014430441
383,0.014337741
384,0.014337741
385,0.014335132
386,0.013314416
387,0.012569122
388,0.012569122
389,0.012473813
390,0.012011889
391,0.012011889
392,0.010632671
393,0.010537362
394,0.010545376
395,0.010537362
396,0.010296929
397,0.010203506
398,0.008828177
399,0.008735478
400,0.008640169
401,0.010026683
402,0.008391722
403,0.008391722
404,0.008391722
405,0.008391722
406,0.008389695
407,0.007268813
408,0.007268813
409,0.006886847
410,0.006730187
411,0.006794147
412,0.006794147
413,0.006730187
414,0.006730187
415,0.006723824
416,0.006730187
417,0.006723824
418,0.006723824
419,0.006723824
420,0.006695971
421,0.006695971
422,0.006695971
423,0.006695971
424,0.005284093
425,0.005284093
426,0.005290456
427,0.005284093
428,0.005256241
429,0.00429745
430,0.005256241
431,0.004263234
432,0.004263234
433,0.004263234
434,0.004261412
435,0.004261412
436,0.004261066
437,0.002965896
438,0.002965896
439,0.002964075
440,0.002963729
441,0.002963729
442,0.002963729
443,0.002963729
444,0.002963729
445,0.002963729
446,0.002963729
447,0.002963729
448,0.002963729
449,0.002963729
450,0.002083472
451,0.002081304
452,0.002081304
453,0.002081304
454,0.001660245
455,0.001255553
456,0.001255553
457,0.001255553
458,0.001255553
459,0.000710638
460,0.001255553
461,0.000710638
462,0.000710638
463,0.000710638
464,0.000482961
465,0.000482961
466,0.000482961
467,0.000482961
468,0.000482961
469,0.000482961
470,0.000482961
471,0.00021444
472,0.00021444
473,0.00021444
474,0.00021444
475,0.00021444
476,0.00021444
477,7.92E-05
478,8.59E-05
479,7.92E-05
480,7.92E-05
481,7.92E-05
482,7.92E-05
483,7.92E-05
484,6.15E-06
485,6.15E-06
486,6.15E-06
487,6.15E-06
488,5.19E-06
489,5.19E-06
490,4.99E-06
491,5.19E-06
492,4.99E-06
493,4.99E-06
494,4.99E-06
495,4.17E-06
496,4.17E-06
497,4.17E-06
498,4.17E-06
499,4.17E-06
500,4.17E-06
501,4.17E-06
502,4.17E-06
503,4.17E-06
504,4.17E-06
505,4.17E-06
506,4.17E-06
507,4.17E-06
508,4.17E-06
509,4.17E-06
510,4.17E-06
511,3.84E-06
512,3.84E-06
513,3.84E-06
514,1.03E-06
515,1.41E-06
516,1.03E-06
517,1.03E-06
518,1.03E-06
519,1.03E-06
520,1.03E-06
521,1.03E-06
522,1.02E-06
523,1.02E-06
524,1.02E-06
525,1.01E-06
526,1.01E-06
527,1.01E-06
528,1.00E-06
529,1.00E-06
530,1.00E-06
531,1.00E-06
532,1.00E-06
533,1.00E-06
534,1.00E-06
535,2.01E-07
536,1.00E-06
537,1.00E-06
538,2.01E-07
539,2.01E-07
540,2.01E-07
541,2.01E-07
542,2.01E-07
543,2.01E-07
544,2.01E-07
545,2.01E-07
546,2.01E-07
547,2.01E-07
548,2.01E-07
549,2.01E-07
550,2.01E-07
551,2.01E-07
552,1.28E-07
553,1.28E-07
554,1.28E-07
555,1.28E-07
556,1.28E-07
557,9.20E-08
558,9.20E-08
559,9.20E-08
560,9.20E-08
561,1.26E-08
562,1.26E-08
563,1.26E-08
564,1.26E-08
565,1.26E-08
566,1.26E-08
567,1.26E-08
568,1.26E-08
569,1.26E-08
570,1.26E-08
571,1.26E-08
572,1.26E-08
573,1.26E-08
574,1.26E-08
575,1.26E-08
576,1.26E-08
577,1.26E-08
578,1.26E-08
579,1.26E-08
580,1.26E-08
581,1.26E-08
582,1.26E-08
583,1.26E-08
584,1.26E-08
585,1.26E-08
586,1.26E-08
587,1.26E-08
588,1.26E-08
589,1.26E-08
590,1.26E-08
591,1.26E-08
592,1.26E-08
593,1.26E-08
594,1.14E-08
595,1.14E-08
596,1.14E-08
597,1.14E-08
598,1.14E-08
599,1.14E-08
600,1.14E-08
601,1.14E-08
602,1.14E-08
603,1.14E-08
604,1.14E-08
605,1.14E-08
606,1.14E-08
607,1.14E-08
608,1.14E-08
609,1.14E-08
610,1.14E-08
611,1.14E-08
612,1.14E-08
613,1.14E-08
614,1.14E-08
615,1.14E-08
616,1.14E-08
617,1.14E-08
618,1.14E-08
619,1.14E-08
620,1.14E-08
621,1.14E-08
622,1.14E-08
623,1.14E-08
624,1.14E-08
625,1.14E-08
626,1.14E-08
627,1.14E-08
628,1.14E-08
629,1.14E-08
630,1.14E-08
631,1.14E-08
632,1.14E-08
633,1.14E-08
634,1.14E-08
635,1.14E-08
636,1.14E-08
637,1.14E-08
638,1.14E-08
639,1.14E-08
640,1.14E-08
641,1.14E-08
642,1.14E-08
643,1.14E-08
644,1.14E-08
645,1.14E-08
646,1.14E-08
647,1.14E-08
648,1.14E-08
649,1.14E-08
650,1.14E-08
651,1.14E-08
652,1.14E-08
653,1.14E-08
654,1.14E-08
655,1.14E-08
656,1.14E-08
657,1.14E-08
658,1.14E-08
659,1.14E-08
660,1.14E-08
661,1.14E-08
662,1.14E-08
663,1.14E-08
664,1.14E-08
665,1.14E-08
666,1.14E-08
667,1.14E-08
668,1.14E-08
669,1.14E-08
670,1.14E-08
671,1.14E-08
672,1.14E-08
673,1.14E-08
674,1.14E-08
675,1.14E-08
676,1.14E-08
677,1.14E-08
678,1.14E-08
679,1.14E-08
680,1.14E-08
681,1.14E-08
682,1.14E-08
683,1.14E-08
684,1.14E-08
685,1.14E-08
686,1.14E-08
687,1.14E-08
688,1.14E-08
689,1.14E-08
690,1.14E-08
691,1.14E-08
692,1.14E-08
693,1.14E-08
694,1.14E-08
695,1.14E-08
696,1.11E-08
697,1.11E-08
698,1.11E-08
699,1.11E-08
700,1.11E-08
701,1.11E-08
702,1.11E-08
703,1.11E-08
704,1.11E-08
705,1.11E-08
706,1.11E-08
707,1.11E-08
708,1.11E-08
709,1.11E-08
710,1.11E-08
711,1.11E-08
712,1.11E-08
713,1.11E-08
714,1.11E-08
715,1.11E-08
716,1.11E-08
717,1.11E-08
718,1.11E-08
719,1.11E-08
720,1.11E-08
721,1.11E-08
722,1.11E-08
723,1.11E-08
724,1.11E-08
725,1.11E-08
726,1.11E-08
727,1.11E-08
728,1.11E-08
729,1.11E-08
730,1.11E-08
731,1.11E-08
732,1.07E-08
733,1.11E-08
734,1.07E-08
735,1.07E-08
736,1.07E-08
737,1.07E-08
738,1.07E-08
739,1.07E-08
740,1.07E-08
741,1.07E-08
742,1.07E-08
743,1.07E-08
744,1.07E-08
745,1.07E-08
746,1.07E-08
747,1.07E-08
748,1.07E-08
749,1.07E-08
750,1.07E-08
751,1.07E-08
752,1.07E-08
753,1.07E-08
754,1.07E-08
755,1.07E-08
756,1.07E-08
757,1.07E-08
758,1.07E-08
759,1.07E-08
760,1.07E-08
761,1.07E-08
762,1.07E-08
763,1.07E-08
764,1.07E-08
765,1.07E-08
766,1.07E-08
767,1.07E-08
768,1.07E-08
769,1.07E-08
770,1.07E-08
771,1.07E-08
772,1.07E-08
773,1.07E-08
774,1.07E-08
775,1.07E-08
776,1.07E-08
777,1.07E-08
778,1.07E-08
779,1.07E-08
780,1.07E-08
781,1.07E-08
782,1.07E-08
783,1.07E-08
784,1.07E-08
785,1.07E-08
786,1.07E-08
787,1.07E-08
788,1.07E-08
789,1.07E-08
790,1.07E-08
791,1.07E-08
792,1.07E-08
793,1.07E-08
794,1.07E-08
795,1.07E-08
796,1.07E-08
797,1.07E-08
798,1.07E-08
799,1.07E-08
800,1.07E-08
801,1.07E-08
802,1.07E-08
803,1.07E-08
804,1.07E-08
805,1.07E-08
806,1.07E-08
807,1.07E-08
808,5.52E-09
809,1.07E-08
810,5.52E-09
811,5.52E-09
812,5.52E-09
813,5.52E-09
814,5.52E-09
815,5.52E-09
816,5.52E-09
817,5.52E-09
818,5.52E-09
819,5.52E-09
820,5.52E-09
821,5.52E-09
822,5.52E-09
823,5.52E-09
824,5.52E-09
825,5.52E-09
826,5.52E-09
827,5.51E-09
828,5.51E-09
829,5.51E-09
830,5.51E-09
831,5.51E-09
832,5.51E-09
833,5.51E-09
834,5.51E-09
835,5.51E-09
836,5.51E-09
837,5.25E-09
838,5.24E-09
839,5.24E-09
840,5.24E-09
841,5.24E-09
842,5.24E-09
843,5.24E-09
844,5.24E-09
845,5.24E-09
846,5.24E-09
847,5.24E-09
848,5.24E-09
849,5.24E-09
850,5.24E-09
851,5.24E-09
852,5.24E-09
853,5.24E-09
854,5.24E-09
855,5.24E-09
856,5.24E-09
857,5.24E-09
858,5.24E-09
859,5.24E-09
860,5.24E-09
861,5.24E-09
862,5.24E-09
863,5.24E-09
864,5.24E-09
865,5.24E-09
866,5.24E-09
867,5.24E-09
868,5.24E-09
869,5.24E-09
870,5.24E-09
871,5.24E-09
872,5.24E-09
873,5.24E-09
874,5.24E-09
875,5.24E-09
876,5.24E-09
877,5.24E-09
878,5.24E-09
879,5.24E-09
880,5.24E-09
881,5.24E-09
882,5.24E-09
883,5.24E-09
884,5.24E-09
885,5.24E-09
886,5.24E-09
887,5.24E-09
888,5.24E-09
889,5.24E-09
890,5.24E-09
891,5.24E-09
892,5.24E-09
893,5.24E-09
894,5.24E-09
895,5.24E-09
896,5.24E-09
897,5.24E-09
898,5.24E-09
899,5.24E-09
900,5.24E-09
901,5.24E-09
902,5.24E-09
903,5.24E-09
904,5.24E-09
905,5.24E-09
906,5.24E-09
907,5.24E-09
908,5.24E-09
909,5.24E-09
910,5.24E-09
911,5.24E-09
912,5.24E-09
913,5.24E-09
914,5.24E-09
915,5.24E-09
916,5.24E-09
917,5.24E-09
918,5.24E-09
919,5.24E-09
920,5.24E-09
921,5.24E-09
922,5.24E-09
923,5.24E-09
924,5.24E-09
925,5.24E-09
926,5.24E-09
927,5.24E-09
928,5.24E-09
929,5.24E-09
930,5.24E-09
931,5.24E-09
932,5.24E-09
933,5.24E-09
934,5.24E-09
935,5.24E-09
936,5.24E-09
937,5.24E-09
938,5.24E-09
939,5.24E-09
940,5.24E-09
941,5.24E-09
942,5.24E-09
943,5.24E-09
944,5.24E-09
945,5.24E-09
946,5.24E-09
947,5.24E-09
948,5.24E-09
949,5.24E-09
950,5.24E-09
951,5.24E-09
952,5.24E-09
953,5.24E-09
954,5.24E-09
955,5.24E-09
956,5.24E-09
957,5.24E-09
958,5.24E-09
959,5.24E-09
960,5.24E-09
961,5.24E-09
962,5.24E-09
963,5.24E-09
964,5.24E-09
965,5.24E-09
966,5.24E-09
967,5.24E-09
968,5.24E-09
969,5.24E-09
970,5.24E-09
971,5.24E-09
972,5.24E-09
973,5.24E-09
974,5.24E-09
975,5.24E-09
976,5.24E-09
977,4.75E-09
978,4.75E-09
979,4.75E-09
980,4.75E-09
981,4.75E-09
982,4.75E-09
983,4.75E-09
984,4.75E-09
985,4.75E-09
986,4.75E-09
987,4.75E-09
988,4.75E-09
989,4.75E-09
990,4.75E-09
991,4.75E-09
992,4.75E-09
993,4.75E-09
994,4.75E-09
995,4.75E-09
996,4.75E-09
997,4.75E-09
998,4.75E-09
999,4.75E-09
1000,4.75E-09
1001,4.75E-09
1002,4.75E-09
1003,4.75E-09
1004,4.75E-09
1005,4.75E-09
1006,4.75E-09
1007,4.75E-09
1008,4.75E-09
1009,4.75E-09
1010,4.75E-09
1011,4.75E-09
1012,4.53E-09
1013,4.53E-09
1014,4.53E-09
1015,4.53E-09
1016,4.53E-09
1017,4.53E-09
1018,4.53E-09
1019,4.53E-09
1020,4.53E-09
1021,4.53E-09
1022,4.53E-09
1023,4.27E-09
1024,4.27E-09
1025,4.27E-09
1026,4.27E-09
1027,4.27E-09
1028,4.27E-09
1029,4.27E-09
1030,4.27E-09
1031,4.27E-09
1032,4.27E-09
1033,4.27E-09
1034,4.27E-09
1035,4.27E-09
1036,4.27E-09
1037,4.27E-09
1038,4.27E-09
1039,4.27E-09
1040,4.27E-09
1041,4.27E-09
1042,4.27E-09
1043,4.27E-09
1044,4.27E-09
1045,4.27E-09
1046,4.27E-09
1047,4.27E-09
1048,4.27E-09
1049,4.27E-09
1050,4.27E-09
1051,4.27E-09
1052,4.27E-09
1053,4.27E-09
1054,4.27E-09
1055,4.27E-09
1056,4.27E-09
1057,4.27E-09
1058,4.27E-09
1059,4.27E-09
1060,4.27E-09
1061,4.27E-09
1062,4.27E-09
1063,4.27E-09
1064,4.27E-09
1065,4.27E-09
1066,4.27E-09
1067,4.27E-09
1068,4.27E-09
1069,4.27E-09
1070,4.27E-09
1071,4.27E-09
1072,4.27E-09
1073,4.27E-09
1074,4.27E-09
1075,4.27E-09
1076,4.27E-09
1077,4.27E-09
1078,4.27E-09
1079,4.27E-09
1080,4.27E-09
1081,4.27E-09
1082,4.27E-09
1083,4.27E-09
1084,4.27E-09
1085,4.27E-09
1086,4.27E-09
1087,4.27E-09
1088,4.27E-09
1089,4.27E-09
1090,4.27E-09
1091,4.27E-09
1092,4.27E-09
1093,4.27E-09
1094,4.27E-09
1095,4.27E-09
1096,4.27E-09
1097,4.27E-09
1098,4.27E-09
1099,4.27E-09
1100,4.27E-09
1101,4.27E-09
1102,4.27E-09
1103,4.27E-09
1104,4.27E-09
1105,4.27E-09
1106,4.27E-09
1107,4.27E-09
1108,4.27E-09
1109,4.27E-09
1110,4.27E-09
1111,4.27E-09
1112,4.27E-09
1113,4.27E-09
1114,4.27E-09
1115,4.27E-09
1116,4.27E-09
1117,4.27E-09
1118,4.27E-09
1119,4.27E-09
1120,4.27E-09
1121,4.27E-09
1122,4.27E-09
1123,4.27E-09
1124,4.27E-09
1125,4.27E-09
1126,4.27E-09
1127,4.27E-09
1128,4.27E-09
1129,4.27E-09
1130,4.27E-09
1131,4.27E-09
1132,4.27E-09
1133,4.27E-09
1134,4.27E-09
1135,4.27E-09
1136,4.27E-09
1137,4.27E-09
1138,4.27E-09
1139,4.27E-09
1140,4.27E-09
1141,4.27E-09
1142,4.27E-09
1143,4.27E-09
1144,4.27E-09
1145,4.27E-09
1146,4.27E-09
1147,4.27E-09
1148,4.27E-09
1149,4.27E-09
1150,4.27E-09
1151,4.27E-09
1152,4.27E-09
1153,4.27E-09
1154,4.27E-09
1155,4.27E-09
1156,4.27E-09
1157,4.27E-09
1158,4.27E-09
1159,4.27E-09
1160,4.27E-09
1161,4.27E-09
1162,4.27E-09
1163,8.46E-10
1164,8.46E-10
1165,8.46E-10
1166,8.46E-10
1167,8.46E-10
1168,8.46E-10
1169,8.46E-10
1170,8.46E-10
1171,8.46E-10
1172,8.46E-10
1173,8.46E-10
1174,8.46E-10
1175,8.46E-10
1176,8.46E-10
1177,8.46E-10
1178,8.46E-10
1179,8.46E-10
1180,8.46E-10
1181,8.46E-10
1182,8.46E-10
1183,8.46E-10
1184,8.46E-10
1185,8.46E-10
1186,8.46E-10
1187,8.46E-10
1188,8.46E-10
1189,8.46E-10
1190,8.46E-10
1191,8.46E-10
1192,8.46E-10
1193,8.46E-10
1194,8.46E-10
1195,8.46E-10
1196,8.46E-10
1197,8.46E-10
1198,8.46E-10
1199,8.46E-10
1200,8.46E-10
1201,8.46E-10
1202,8.46E-10
1203,8.46E-10
1204,8.46E-10
1205,8.46E-10
1206,8.46E-10
1207,8.46E-10
1208,8.46E-10
1209,8.46E-10
1210,8.46E-10
1211,8.46E-10
1212,8.46E-10
1213,8.46E-10
1214,8.46E-10
1215,8.46E-10
1216,8.46E-10
1217,8.46E-10
1218,8.46E-10
1219,8.46E-10
1220,8.46E-10
1221,8.46E-10
1222,8.46E-10
1223,8.46E-10
1224,8.46E-10
1225,8.46E-10
1226,8.46E-10
1227,8.46E-10
1228,8.46E-10
1229,8.46E-10
1230,8.45E-10
1231,8.45E-10
1232,8.45E-10
1233,8.45E-10
1234,8.45E-10
1235,8.45E-10
1236,8.45E-10
1237,8.45E-10
1238,8.45E-10
1239,8.45E-10
1240,8.45E-10
1241,8.45E-10
1242,8.45E-10
1243,8.45E-10
1244,8.45E-10
1245,8.45E-10
1246,8.45E-10
1247,8.45E-10
1248,8.45E-10
1249,8.45E-10
1250,8.45E-10
1251,8.45E-10
1252,8.45E-10
1253,8.45E-10
1254,8.45E-10
1255,8.45E-10
1256,8.45E-10
1257,8.45E-10
1258,8.45E-10
1259,8.45E-10
1260,8.45E-10
1261,8.45E-10
1262,8.45E-10
1263,8.45E-10
1264,8.45E-10
1265,8.45E-10
1266,8.45E-10
1267,8.45E-10
1268,8.45E-10
1269,8.45E-10
1270,8.45E-10
1271,8.45E-10
1272,8.45E-10
1273,8.45E-10
1274,8.45E-10
1275,8.45E-10
1276,8.45E-10
1277,8.45E-10
1278,8.45E-10
1279,8.45E-10
1280,8.45E-10
1281,8.45E-10
1282,8.45E-10
1283,8.45E-10
1284,8.45E-10
1285,8.45E-10
1286,8.45E-10
1287,8.45E-10
1288,8.45E-10
1289,8.45E-10
1290,8.45E-10
1291,8.45E-10
1292,8.45E-10
1293,8.45E-10
1294,8.45E-10
1295,8.45E-10
1296,8.45E-10
1297,8.45E-10
1298,8.45E-10
1299,8.45E-10
1300,8.45E-10
1301,8.45E-10
1302,8.45E-10
1303,8.45E-10
1304,8.45E-10
1305,8.45E-10
1306,8.45E-10
1307,8.45E-10
1308,8.45E-10
1309,8.45E-10
1310,8.45E-10
1311,8.45E-10
1312,8.45E-10
1313,8.45E-10
1314,8.45E-10
1315,8.45E-10
1316,8.45E-10
1317,8.45E-10
1318,8.45E-10
1319,8.45E-10
1320,8.45E-10
1321,8.45E-10
1322,8.45E-10
1323,8.45E-10
1324,8.45E-10
1325,8.45E-10
1326,8.45E-10
1327,8.45E-10
1328,8.45E-10
1329,8.45E-10
1330,8.45E-10
1331,8.45E-10
1332,8.45E-10
1333,8.45E-10
1334,8.45E-10
1335,8.45E-10
1336,8.45E-10
1337,8.45E-10
1338,8.45E-10
1339,8.45E-10
1340,8.45E-10
1341,8.45E-10
1342,8.45E-10
1343,8.45E-10
1344,8.45E-10
1345,8.45E-10
1346,8.45E-10
1347,8.45E-10
1348,8.45E-10
1349,8.45E-10
1350,8.45E-10
1351,8.45E-10
1352,8.45E-10
1353,8.45E-10
1354,8.45E-10
1355,8.45E-10
1356,8.45E-10
1357,8.45E-10
1358,8.45E-10
1359,8.45E-10
1360,8.45E-10
1361,8.45E-10
1362,8.45E-10
1363,8.45E-10
1364,8.45E-10
1365,8.45E-10
1366,8.45E-10
1367,8.45E-10
1368,8.45E-10
1369,8.45E-10
1370,8.45E-10
1371,8.45E-10
1372,8.45E-10
1373,8.45E-10
1374,8.45E-10
1375,8.45E-10
1376,8.45E-10
1377,8.45E-10
1378,8.45E-10
1379,8.45E-10
1380,8.45E-10
1381,8.45E-10
1382,8.45E-10
1383,8.45E-10
1384,8.45E-10
1385,8.45E-10
1386,8.45E-10
1387,8.45E-10
1388,8.45E-10
1389,8.45E-10
1390,8.45E-10
1391,8.45E-10
1392,8.45E-10
1393,8.45E-10
1394,8.45E-10
1395,8.45E-10
1396,8.45E-10
1397,8.45E-10
1398,8.45E-10
1399,8.45E-10
1400,8.45E-10
1401,8.45E-10
1402,8.45E-10
1403,8.45E-10
1404,8.45E-10
1405,8.45E-10
1406,8.45E-10
1407,8.45E-10
1408,8.45E-10
1409,8.45E-10
1410,8.45E-10
1411,8.45E-10
1412,8.45E-10
1413,8.45E-10
1414,8.45E-10
1415,8.45E-10
1416,8.45E-10
1417,8.45E-10
1418,8.45E-10
1419,8.45E-10
1420,8.45E-10
1421,8.45E-10
1422,8.45E-10
1423,8.45E-10
1424,8.45E-10
1425,8.45E-10
1426,8.45E-10
1427,8.45E-10
1428,8.45E-10
1429,8.45E-10
1430,8.45E-10
1431,8.45E-10
1432,8.45E-10
1433,8.45E-10
1434,8.45E-10
1435,8.45E-10
1436,8.45E-10
1437,8.45E-10
1438,8.45E-10
1439,8.45E-10
1440,8.45E-10
1441,8.45E-10
1442,8.45E-10
1443,8.45E-10
1444,8.45E-10
1445,8.45E-10
1446,8.45E-10
1447,8.45E-10
1448,8.45E-10
1449,8.45E-10
1450,8.45E-10
1451,8.45E-10
1452,8.45E-10
1453,8.45E-10
1454,8.45E-10
1455,8.45E-10
1456,8.45E-10
1457,8.45E-10
1458,8.45E-10
1459,8.45E-10
1460,8.45E-10
1461,8.45E-10
1462,8.45E-10
1463,8.45E-10
1464,8.45E-10
1465,8.45E-10
1466,8.45E-10
1467,8.45E-10
1468,8.45E-10
1469,8.45E-10
1470,8.45E-10
1471,8.45E-10
1472,8.45E-10
1473,8.45E-10
1474,8.45E-10
1475,8.45E-10
1476,8.45E-10
1477,8.45E-10
1478,8.45E-10
1479,8.45E-10
1480,8.45E-10
1481,8.45E-10
1482,8.45E-10
1483,8.45E-10
1484,8.45E-10
1485,8.45E-10
1486,8.45E-10
1487,8.45E-10
1488,8.45E-10
1489,8.45E-10
1490,8.45E-10
1491,8.45E-10
1492,8.45E-10
1493,8.45E-10
1494,8.45E-10
1495,8.45E-10
1496,8.45E-10
1497,8.45E-10
1498,8.45E-10
1499,8.45E-10
