Generation,Fitness,Trial
1,320.14,1
2,297.69,1
3,268.02,1
4,253.70,1
5,242.81,1
6,242.81,1
7,217.70,1
8,203.20,1
9,198.43,1
10,197.85,1
11,180.71,1
12,180.71,1
13,155.59,1
14,155.59,1
15,149.59,1
16,149.33,1
17,149.33,1
18,149.33,1
19,149.33,1
20,149.33,1
21,145.91,1
22,145.91,1
23,145.91,1
24,128.95,1
25,128.95,1
26,114.95,1
27,114.95,1
28,114.95,1
29,114.95,1
30,114.95,1
31,114.95,1
32,114.95,1
33,114.95,1
34,114.95,1
35,87.98,1
36,87.98,1
37,87.98,1
38,87.98,1
39,87.98,1
40,87.98,1
41,87.98,1
42,87.98,1
43,87.98,1
44,87.98,1
45,87.98,1
46,72.88,1
47,68.61,1
48,68.61,1
49,68.61,1
50,68.61,1
51,68.61,1
52,68.61,1
53,68.61,1
54,68.61,1
55,68.61,1
56,68.61,1
57,53.01,1
58,53.01,1
59,53.01,1
60,53.01,1
61,53.01,1
62,53.01,1
63,53.01,1
64,53.01,1
65,53.01,1
66,53.01,1
67,53.01,1
68,53.01,1
69,53.01,1
70,53.01,1
71,53.01,1
72,53.01,1
73,53.01,1
74,53.01,1
75,53.01,1
76,53.01,1
77,53.01,1
78,53.01,1
79,14.72,1
80,14.72,1
81,14.72,1
82,14.72,1
83,14.72,1
84,14.72,1
85,14.72,1
86,14.72,1
87,14.72,1
88,14.72,1
89,14.72,1
90,10.26,1
91,10.26,1
92,10.26,1
93,10.26,1
94,10.26,1
95,10.26,1
96,10.26,1
97,10.26,1
98,10.26,1
99,10.26,1
100,10.26,1
101,10.26,1
102,10.26,1
103,10.26,1
104,10.26,1
105,10.26,1
106,10.26,1
107,10.26,1
108,10.26,1
109,10.26,1
110,10.26,1
111,10.26,1
112,0.00,1
113,0.00,1
114,0.00,1
115,0.00,1
116,0.00,1
117,0.00,1
118,0.00,1
119,0.00,1
120,0.00,1
121,0.00,1
122,0.00,1
123,0.00,1
124,0.00,1
125,0.00,1
126,0.00,1
127,0.00,1
128,0.00,1
129,0.00,1
130,0.00,1
131,0.00,1
132,0.00,1
133,0.00,1
134,0.00,1
135,0.00,1
136,0.00,1
137,0.00,1
138,0.00,1
139,0.00,1
140,0.00,1
141,0.00,1
142,0.00,1
143,0.00,1
144,0.00,1
145,0.00,1
146,0.00,1
147,0.00,1
148,0.00,1
149,0.00,1
150,0.00,1
151,0.00,1
152,0.00,1
153,0.00,1
154,0.00,1
155,0.00,1
156,0.00,1
157,0.00,1
158,0.00,1
159,0.00,1
160,0.00,1
161,0.00,1
162,0.00,1
163,0.00,1
164,0.00,1
165,0.00,1
166,0.00,1
167,0.00,1
168,0.00,1
169,0.00,1
170,0.00,1
171,0.00,1
172,0.00,1
173,0.00,1
174,0.00,1
175,0.00,1
176,0.00,1
177,0.00,1
178,0.00,1
179,0.00,1
180,0.00,1
181,0.00,1
182,0.00,1
183,0.00,1
184,0.00,1
185,0.00,1
186,0.00,1
187,0.00,1
188,0.00,1
189,0.00,1
190,0.00,1
191,0.00,1
192,0.00,1
193,0.00,1
194,0.00,1
195,0.00,1
196,0.00,1
197,0.00,1
198,0.00,1
199,0.00,1
200,0.00,1
201,0.00,1
202,0.00,1
203,0.00,1
204,0.00,1
205,0.00,1
206,0.00,1
207,0.00,1
208,0.00,1
209,0.00,1
210,0.00,1
211,0.00,1
212,0.00,1
213,0.00,1
214,0.00,1
215,0.00,1
216,0.00,1
217,0.00,1
218,0.00,1
219,0.00,1
220,0.00,1
221,0.00,1
222,0.00,1
223,0.00,1
224,0.00,1
225,0.00,1
226,0.00,1
227,0.00,1
228,0.00,1
229,0.00,1
230,0.00,1
231,0.00,1
232,0.00,1
233,0.00,1
234,0.00,1
235,0.00,1
236,0.00,1
237,0.00,1
238,0.00,1
239,0.00,1
240,0.00,1
241,0.00,1
242,0.00,1
243,0.00,1
244,0.00,1
245,0.00,1
246,0.00,1
247,0.00,1
248,0.00,1
249,0.00,1
250,0.00,1
251,0.00,1
252,0.00,1
253,0.00,1
254,0.00,1
255,0.00,1
256,0.00,1
257,0.00,1
258,0.00,1
259,0.00,1
260,0.00,1
261,0.00,1
262,0.00,1
263,0.00,1
264,0.00,1
265,0.00,1
266,0.00,1
267,0.00,1
268,0.00,1
269,0.00,1
270,0.00,1
271,0.00,1
272,0.00,1
273,0.00,1
274,0.00,1
275,0.00,1
276,0.00,1
277,0.00,1
278,0.00,1
279,0.00,1
280,0.00,1
281,0.00,1
282,0.00,1
283,0.00,1
284,0.00,1
285,0.00,1
286,0.00,1
287,0.00,1
288,0.00,1
289,0.00,1
290,0.00,1
291,0.00,1
292,0.00,1
293,0.00,1
294,0.00,1
295,0.00,1
296,0.00,1
297,0.00,1
298,0.00,1
299,0.00,1
300,0.00,1
301,0.00,1
302,0.00,1
303,0.00,1
304,0.00,1
305,0.00,1
306,0.00,1
307,0.00,1
308,0.00,1
309,0.00,1
310,0.00,1
311,0.00,1
312,0.00,1
313,0.00,1
314,0.00,1
315,0.00,1
316,0.00,1
317,0.00,1
318,0.00,1
319,0.00,1
320,0.00,1
321,0.00,1
322,0.00,1
323,0.00,1
324,0.00,1
325,0.00,1
326,0.00,1
327,0.00,1
328,0.00,1
329,0.00,1
330,0.00,1
331,0.00,1
332,0.00,1
333,0.00,1
334,0.00,1
335,0.00,1
336,0.00,1
337,0.00,1
338,0.00,1
339,0.00,1
340,0.00,1
341,0.00,1
342,0.00,1
343,0.00,1
344,0.00,1
345,0.00,1
346,0.00,1
347,0.00,1
348,0.00,1
349,0.00,1
350,0.00,1
351,0.00,1
352,0.00,1
353,0.00,1
354,0.00,1
355,0.00,1
356,0.00,1
357,0.00,1
358,0.00,1
359,0.00,1
360,0.00,1
361,0.00,1
362,0.00,1
363,0.00,1
364,0.00,1
365,0.00,1
366,0.00,1
367,0.00,1
368,0.00,1
369,0.00,1
370,0.00,1
371,0.00,1
372,0.00,1
373,0.00,1
374,0.00,1
375,0.00,1
376,0.00,1
377,0.00,1
378,0.00,1
379,0.00,1
380,0.00,1
381,0.00,1
382,0.00,1
383,0.00,1
384,0.00,1
385,0.00,1
386,0.00,1
387,0.00,1
388,0.00,1
389,0.00,1
390,0.00,1
391,0.00,1
392,0.00,1
393,0.00,1
394,0.00,1
395,0.00,1
396,0.00,1
397,0.00,1
398,0.00,1
399,0.00,1
400,0.00,1
401,0.00,1
402,0.00,1
403,0.00,1
404,0.00,1
405,0.00,1
406,0.00,1
407,0.00,1
408,0.00,1
409,0.00,1
410,0.00,1
411,0.00,1
412,0.00,1
413,0.00,1
414,0.00,1
415,0.00,1
416,0.00,1
417,0.00,1
418,0.00,1
419,0.00,1
420,0.00,1
421,0.00,1
422,0.00,1
423,0.00,1
424,0.00,1
425,0.00,1
426,0.00,1
427,0.00,1
428,0.00,1
429,0.00,1
430,0.00,1
431,0.00,1
432,0.00,1
433,0.00,1
434,0.00,1
435,0.00,1
436,0.00,1
437,0.00,1
438,0.00,1
439,0.00,1
440,0.00,1
441,0.00,1
442,0.00,1
443,0.00,1
444,0.00,1
445,0.00,1
446,0.00,1
447,0.00,1
448,0.00,1
449,0.00,1
450,0.00,1
451,0.00,1
452,0.00,1
453,0.00,1
454,0.00,1
455,0.00,1
456,0.00,1
457,0.00,1
458,0.00,1
459,0.00,1
460,0.00,1
461,0.00,1
462,0.00,1
463,0.00,1
464,0.00,1
465,0.00,1
466,0.00,1
467,0.00,1
468,0.00,1
469,0.00,1
470,0.00,1
471,0.00,1
472,0.00,1
473,0.00,1
474,0.00,1
475,0.00,1
476,0.00,1
477,0.00,1
478,0.00,1
479,0.00,1
480,0.00,1
481,0.00,1
482,0.00,1
483,0.00,1
484,0.00,1
485,0.00,1
486,0.00,1
487,0.00,1
488,0.00,1
489,0.00,1
490,0.00,1
491,0.00,1
492,0.00,1
493,0.00,1
494,0.00,1
495,0.00,1
496,0.00,1
497,0.00,1
498,0.00,1
499,0.00,1
500,0.00,1
501,0.00,1
502,0.00,1
503,0.00,1
504,0.00,1
505,0.00,1
506,0.00,1
507,0.00,1
508,0.00,1
509,0.00,1
510,0.00,1
511,0.00,1
512,0.00,1
513,0.00,1
514,0.00,1
515,0.00,1
516,0.00,1
517,0.00,1
518,0.00,1
519,0.00,1
520,0.00,1
521,0.00,1
522,0.00,1
523,0.00,1
524,0.00,1
525,0.00,1
526,0.00,1
527,0.00,1
528,0.00,1
529,0.00,1
530,0.00,1
531,0.00,1
532,0.00,1
533,0.00,1
534,0.00,1
535,0.00,1
536,0.00,1
537,0.00,1
538,0.00,1
539,0.00,1
540,0.00,1
541,0.00,1
542,0.00,1
543,0.00,1
544,0.00,1
545,0.00,1
546,0.00,1
547,0.00,1
548,0.00,1
549,0.00,1
550,0.00,1
551,0.00,1
552,0.00,1
553,0.00,1
554,0.00,1
555,0.00,1
556,0.00,1
557,0.00,1
558,0.00,1
559,0.00,1
560,0.00,1
561,0.00,1
562,0.00,1
563,0.00,1
564,0.00,1
565,0.00,1
566,0.00,1
567,0.00,1
568,0.00,1
569,0.00,1
570,0.00,1
571,0.00,1
572,0.00,1
573,0.00,1
574,0.00,1
575,0.00,1
576,0.00,1
577,0.00,1
578,0.00,1
579,0.00,1
580,0.00,1
581,0.00,1
582,0.00,1
583,0.00,1
584,0.00,1
585,0.00,1
586,0.00,1
587,0.00,1
588,0.00,1
589,0.00,1
590,0.00,1
591,0.00,1
592,0.00,1
593,0.00,1
594,0.00,1
595,0.00,1
596,0.00,1
597,0.00,1
598,0.00,1
599,0.00,1
600,0.00,1
601,0.00,1
602,0.00,1
603,0.00,1
604,0.00,1
605,0.00,1
606,0.00,1
607,0.00,1
608,0.00,1
609,0.00,1
610,0.00,1
611,0.00,1
612,0.00,1
613,0.00,1
614,0.00,1
615,0.00,1
616,0.00,1
617,0.00,1
618,0.00,1
619,0.00,1
620,0.00,1
621,0.00,1
622,0.00,1
623,0.00,1
624,0.00,1
625,0.00,1
626,0.00,1
627,0.00,1
628,0.00,1
629,0.00,1
630,0.00,1
631,0.00,1
632,0.00,1
633,0.00,1
634,0.00,1
635,0.00,1
636,0.00,1
637,0.00,1
638,0.00,1
639,0.00,1
640,0.00,1
641,0.00,1
642,0.00,1
643,0.00,1
644,0.00,1
645,0.00,1
646,0.00,1
647,0.00,1
648,0.00,1
649,0.00,1
650,0.00,1
651,0.00,1
652,0.00,1
653,0.00,1
654,0.00,1
655,0.00,1
656,0.00,1
657,0.00,1
658,0.00,1
659,0.00,1
660,0.00,1
661,0.00,1
662,0.00,1
663,0.00,1
664,0.00,1
665,0.00,1
666,0.00,1
667,0.00,1
668,0.00,1
669,0.00,1
670,0.00,1
671,0.00,1
672,0.00,1
673,0.00,1
674,0.00,1
675,0.00,1
676,0.00,1
677,0.00,1
678,0.00,1
679,0.00,1
680,0.00,1
681,0.00,1
682,0.00,1
683,0.00,1
684,0.00,1
685,0.00,1
686,0.00,1
687,0.00,1
688,0.00,1
689,0.00,1
690,0.00,1
691,0.00,1
692,0.00,1
693,0.00,1
694,0.00,1
695,0.00,1
696,0.00,1
697,0.00,1
698,0.00,1
699,0.00,1
700,0.00,1
701,0.00,1
702,0.00,1
703,0.00,1
704,0.00,1
705,0.00,1
706,0.00,1
707,0.00,1
708,0.00,1
709,0.00,1
710,0.00,1
711,0.00,1
712,0.00,1
713,0.00,1
714,0.00,1
715,0.00,1
716,0.00,1
717,0.00,1
718,0.00,1
719,0.00,1
720,0.00,1
721,0.00,1
722,0.00,1
723,0.00,1
724,0.00,1
725,0.00,1
726,0.00,1
727,0.00,1
728,0.00,1
729,0.00,1
730,0.00,1
731,0.00,1
732,0.00,1
733,0.00,1
734,0.00,1
735,0.00,1
736,0.00,1
737,0.00,1
738,0.00,1
739,0.00,1
740,0.00,1
741,0.00,1
742,0.00,1
743,0.00,1
744,0.00,1
745,0.00,1
746,0.00,1
747,0.00,1
748,0.00,1
749,0.00,1
750,0.00,1
751,0.00,1
752,0.00,1
753,0.00,1
754,0.00,1
755,0.00,1
756,0.00,1
757,0.00,1
758,0.00,1
759,0.00,1
760,0.00,1
761,0.00,1
762,0.00,1
763,0.00,1
764,0.00,1
765,0.00,1
766,0.00,1
767,0.00,1
768,0.00,1
769,0.00,1
770,0.00,1
771,0.00,1
772,0.00,1
773,0.00,1
774,0.00,1
775,0.00,1
776,0.00,1
777,0.00,1
778,0.00,1
779,0.00,1
780,0.00,1
781,0.00,1
782,0.00,1
783,0.00,1
784,0.00,1
785,0.00,1
786,0.00,1
787,0.00,1
788,0.00,1
789,0.00,1
790,0.00,1
791,0.00,1
792,0.00,1
793,0.00,1
794,0.00,1
795,0.00,1
796,0.00,1
797,0.00,1
798,0.00,1
799,0.00,1
800,0.00,1
801,0.00,1
802,0.00,1
803,0.00,1
804,0.00,1
805,0.00,1
806,0.00,1
807,0.00,1
808,0.00,1
809,0.00,1
810,0.00,1
811,0.00,1
812,0.00,1
813,0.00,1
814,0.00,1
815,0.00,1
816,0.00,1
817,0.00,1
818,0.00,1
819,0.00,1
820,0.00,1
821,0.00,1
822,0.00,1
823,0.00,1
824,0.00,1
825,0.00,1
826,0.00,1
827,0.00,1
828,0.00,1
829,0.00,1
830,0.00,1
831,0.00,1
832,0.00,1
833,0.00,1
834,0.00,1
835,0.00,1
836,0.00,1
837,0.00,1
838,0.00,1
839,0.00,1
840,0.00,1
841,0.00,1
842,0.00,1
843,0.00,1
844,0.00,1
845,0.00,1
846,0.00,1
847,0.00,1
848,0.00,1
849,0.00,1
850,0.00,1
851,0.00,1
852,0.00,1
853,0.00,1
854,0.00,1
855,0.00,1
856,0.00,1
857,0.00,1
858,0.00,1
859,0.00,1
860,0.00,1
861,0.00,1
862,0.00,1
863,0.00,1
864,0.00,1
865,0.00,1
866,0.00,1
867,0.00,1
868,0.00,1
869,0.00,1
870,0.00,1
871,0.00,1
872,0.00,1
873,0.00,1
874,0.00,1
875,0.00,1
876,0.00,1
877,0.00,1
878,0.00,1
879,0.00,1
880,0.00,1
881,0.00,1
882,0.00,1
883,0.00,1
884,0.00,1
885,0.00,1
886,0.00,1
887,0.00,1
888,0.00,1
889,0.00,1
890,0.00,1
891,0.00,1
892,0.00,1
893,0.00,1
894,0.00,1
895,0.00,1
896,0.00,1
897,0.00,1
898,0.00,1
899,0.00,1
900,0.00,1
901,0.00,1
902,0.00,1
903,0.00,1
904,0.00,1
905,0.00,1
906,0.00,1
907,0.00,1
908,0.00,1
909,0.00,1
910,0.00,1
911,0.00,1
912,0.00,1
913,0.00,1
914,0.00,1
915,0.00,1
916,0.00,1
917,0.00,1
918,0.00,1
919,0.00,1
920,0.00,1
921,0.00,1
922,0.00,1
923,0.00,1
924,0.00,1
925,0.00,1
926,0.00,1
927,0.00,1
928,0.00,1
929,0.00,1
930,0.00,1
931,0.00,1
932,0.00,1
933,0.00,1
934,0.00,1
935,0.00,1
936,0.00,1
937,0.00,1
938,0.00,1
939,0.00,1
940,0.00,1
941,0.00,1
942,0.00,1
943,0.00,1
944,0.00,1
945,0.00,1
946,0.00,1
947,0.00,1
948,0.00,1
949,0.00,1
950,0.00,1
951,0.00,1
952,0.00,1
953,0.00,1
954,0.00,1
955,0.00,1
956,0.00,1
957,0.00,1
958,0.00,1
959,0.00,1
960,0.00,1
961,0.00,1
962,0.00,1
963,0.00,1
964,0.00,1
965,0.00,1
966,0.00,1
967,0.00,1
968,0.00,1
969,0.00,1
970,0.00,1
971,0.00,1
972,0.00,1
973,0.00,1
974,0.00,1
975,0.00,1
976,0.00,1
977,0.00,1
978,0.00,1
979,0.00,1
980,0.00,1
981,0.00,1
982,0.00,1
983,0.00,1
984,0.00,1
985,0.00,1
986,0.00,1
987,0.00,1
988,0.00,1
989,0.00,1
990,0.00,1
991,0.00,1
992,0.00,1
993,0.00,1
994,0.00,1
995,0.00,1
996,0.00,1
997,0.00,1
998,0.00,1
999,0.00,1
1000,0.00,1
1,286.49,2
2,235.59,2
3,235.59,2
4,219.92,2
5,214.14,2
6,213.42,2
7,207.13,2
8,193.01,2
9,176.33,2
10,171.53,2
11,171.53,2
12,165.74,2
13,150.33,2
14,150.33,2
15,149.37,2
16,138.85,2
17,136.97,2
18,136.92,2
19,133.35,2
20,133.35,2
21,131.12,2
22,131.12,2
23,131.12,2
24,111.80,2
25,111.80,2
26,111.80,2
27,110.75,2
28,110.75,2
29,110.75,2
30,107.33,2
31,107.33,2
32,107.33,2
33,107.33,2
34,104.26,2
35,88.77,2
36,88.77,2
37,88.77,2
38,88.77,2
39,86.59,2
40,86.59,2
41,86.59,2
42,86.59,2
43,84.93,2
44,84.93,2
45,84.68,2
46,74.78,2
47,74.78,2
48,70.31,2
49,70.31,2
50,69.14,2
51,69.14,2
52,69.14,2
53,69.14,2
54,69.14,2
55,69.14,2
56,69.14,2
57,65.81,2
58,65.81,2
59,65.81,2
60,65.81,2
61,65.81,2
62,63.20,2
63,63.20,2
64,63.20,2
65,63.20,2
66,60.28,2
67,60.28,2
68,59.16,2
69,59.16,2
70,59.16,2
71,58.54,2
72,58.54,2
73,58.54,2
74,58.54,2
75,58.54,2
76,58.54,2
77,57.62,2
78,57.62,2
79,55.92,2
80,55.92,2
81,55.92,2
82,55.92,2
83,55.92,2
84,55.92,2
85,55.92,2
86,55.92,2
87,55.69,2
88,55.69,2
89,55.69,2
90,52.39,2
91,52.39,2
92,52.39,2
93,52.39,2
94,52.39,2
95,52.39,2
96,52.39,2
97,52.39,2
98,52.39,2
99,51.45,2
100,51.45,2
101,50.98,2
102,50.98,2
103,50.98,2
104,50.98,2
105,50.98,2
106,50.98,2
107,50.98,2
108,50.98,2
109,50.98,2
110,50.98,2
111,50.98,2
112,50.90,2
113,50.90,2
114,50.90,2
115,50.90,2
116,50.90,2
117,50.90,2
118,50.90,2
119,50.90,2
120,50.90,2
121,50.90,2
122,50.90,2
123,34.14,2
124,34.14,2
125,34.14,2
126,31.50,2
127,31.50,2
128,31.50,2
129,31.50,2
130,31.50,2
131,31.50,2
132,31.50,2
133,31.50,2
134,30.22,2
135,30.22,2
136,30.22,2
137,30.22,2
138,30.22,2
139,30.22,2
140,30.22,2
141,30.22,2
142,30.22,2
143,30.22,2
144,30.22,2
145,28.00,2
146,28.00,2
147,28.00,2
148,28.00,2
149,28.00,2
150,28.00,2
151,28.00,2
152,28.00,2
153,28.00,2
154,28.00,2
155,28.00,2
156,24.11,2
157,24.11,2
158,24.11,2
159,24.11,2
160,24.11,2
161,24.11,2
162,24.11,2
163,24.11,2
164,24.11,2
165,24.11,2
166,24.11,2
167,22.79,2
168,22.79,2
169,22.79,2
170,22.79,2
171,22.79,2
172,22.79,2
173,22.79,2
174,22.79,2
175,22.79,2
176,22.79,2
177,22.79,2
178,21.86,2
179,21.86,2
180,21.86,2
181,21.86,2
182,21.86,2
183,21.86,2
184,21.86,2
185,21.86,2
186,21.86,2
187,21.86,2
188,21.86,2
189,1.85,2
190,1.85,2
191,1.85,2
192,1.85,2
193,1.85,2
194,1.85,2
195,1.85,2
196,1.85,2
197,1.85,2
198,1.85,2
199,1.85,2
200,1.85,2
201,1.85,2
202,1.85,2
203,1.85,2
204,1.85,2
205,1.85,2
206,1.85,2
207,1.85,2
208,1.85,2
209,1.85,2
210,1.85,2
211,1.85,2
212,0.00,2
213,0.00,2
214,0.00,2
215,0.00,2
216,0.00,2
217,0.00,2
218,0.00,2
219,0.00,2
220,0.00,2
221,0.00,2
222,0.00,2
223,0.00,2
224,0.00,2
225,0.00,2
226,0.00,2
227,0.00,2
228,0.00,2
229,0.00,2
230,0.00,2
231,0.00,2
232,0.00,2
233,0.00,2
234,0.00,2
235,0.00,2
236,0.00,2
237,0.00,2
238,0.00,2
239,0.00,2
240,0.00,2
241,0.00,2
242,0.00,2
243,0.00,2
244,0.00,2
245,0.00,2
246,0.00,2
247,0.00,2
248,0.00,2
249,0.00,2
250,0.00,2
251,0.00,2
252,0.00,2
253,0.00,2
254,0.00,2
255,0.00,2
256,0.00,2
257,0.00,2
258,0.00,2
259,0.00,2
260,0.00,2
261,0.00,2
262,0.00,2
263,0.00,2
264,0.00,2
265,0.00,2
266,0.00,2
267,0.00,2
268,0.00,2
269,0.00,2
270,0.00,2
271,0.00,2
272,0.00,2
273,0.00,2
274,0.00,2
275,0.00,2
276,0.00,2
277,0.00,2
278,0.00,2
279,0.00,2
280,0.00,2
281,0.00,2
282,0.00,2
283,0.00,2
284,0.00,2
285,0.00,2
286,0.00,2
287,0.00,2
288,0.00,2
289,0.00,2
290,0.00,2
291,0.00,2
292,0.00,2
293,0.00,2
294,0.00,2
295,0.00,2
296,0.00,2
297,0.00,2
298,0.00,2
299,0.00,2
300,0.00,2
301,0.00,2
302,0.00,2
303,0.00,2
304,0.00,2
305,0.00,2
306,0.00,2
307,0.00,2
308,0.00,2
309,0.00,2
310,0.00,2
311,0.00,2
312,0.00,2
313,0.00,2
314,0.00,2
315,0.00,2
316,0.00,2
317,0.00,2
318,0.00,2
319,0.00,2
320,0.00,2
321,0.00,2
322,0.00,2
323,0.00,2
324,0.00,2
325,0.00,2
326,0.00,2
327,0.00,2
328,0.00,2
329,0.00,2
330,0.00,2
331,0.00,2
332,0.00,2
333,0.00,2
334,0.00,2
335,0.00,2
336,0.00,2
337,0.00,2
338,0.00,2
339,0.00,2
340,0.00,2
341,0.00,2
342,0.00,2
343,0.00,2
344,0.00,2
345,0.00,2
346,0.00,2
347,0.00,2
348,0.00,2
349,0.00,2
350,0.00,2
351,0.00,2
352,0.00,2
353,0.00,2
354,0.00,2
355,0.00,2
356,0.00,2
357,0.00,2
358,0.00,2
359,0.00,2
360,0.00,2
361,0.00,2
362,0.00,2
363,0.00,2
364,0.00,2
365,0.00,2
366,0.00,2
367,0.00,2
368,0.00,2
369,0.00,2
370,0.00,2
371,0.00,2
372,0.00,2
373,0.00,2
374,0.00,2
375,0.00,2
376,0.00,2
377,0.00,2
378,0.00,2
379,0.00,2
380,0.00,2
381,0.00,2
382,0.00,2
383,0.00,2
384,0.00,2
385,0.00,2
386,0.00,2
387,0.00,2
388,0.00,2
389,0.00,2
390,0.00,2
391,0.00,2
392,0.00,2
393,0.00,2
394,0.00,2
395,0.00,2
396,0.00,2
397,0.00,2
398,0.00,2
399,0.00,2
400,0.00,2
401,0.00,2
402,0.00,2
403,0.00,2
404,0.00,2
405,0.00,2
406,0.00,2
407,0.00,2
408,0.00,2
409,0.00,2
410,0.00,2
411,0.00,2
412,0.00,2
413,0.00,2
414,0.00,2
415,0.00,2
416,0.00,2
417,0.00,2
418,0.00,2
419,0.00,2
420,0.00,2
421,0.00,2
422,0.00,2
423,0.00,2
424,0.00,2
425,0.00,2
426,0.00,2
427,0.00,2
428,0.00,2
429,0.00,2
430,0.00,2
431,0.00,2
432,0.00,2
433,0.00,2
434,0.00,2
435,0.00,2
436,0.00,2
437,0.00,2
438,0.00,2
439,0.00,2
440,0.00,2
441,0.00,2
442,0.00,2
443,0.00,2
444,0.00,2
445,0.00,2
446,0.00,2
447,0.00,2
448,0.00,2
449,0.00,2
450,0.00,2
451,0.00,2
452,0.00,2
453,0.00,2
454,0.00,2
455,0.00,2
456,0.00,2
457,0.00,2
458,0.00,2
459,0.00,2
460,0.00,2
461,0.00,2
462,0.00,2
463,0.00,2
464,0.00,2
465,0.00,2
466,0.00,2
467,0.00,2
468,0.00,2
469,0.00,2
470,0.00,2
471,0.00,2
472,0.00,2
473,0.00,2
474,0.00,2
475,0.00,2
476,0.00,2
477,0.00,2
478,0.00,2
479,0.00,2
480,0.00,2
481,0.00,2
482,0.00,2
483,0.00,2
484,0.00,2
485,0.00,2
486,0.00,2
487,0.00,2
488,0.00,2
489,0.00,2
490,0.00,2
491,0.00,2
492,0.00,2
493,0.00,2
494,0.00,2
495,0.00,2
496,0.00,2
497,0.00,2
498,0.00,2
499,0.00,2
500,0.00,2
501,0.00,2
502,0.00,2
503,0.00,2
504,0.00,2
505,0.00,2
506,0.00,2
507,0.00,2
508,0.00,2
509,0.00,2
510,0.00,2
511,0.00,2
512,0.00,2
513,0.00,2
514,0.00,2
515,0.00,2
516,0.00,2
517,0.00,2
518,0.00,2
519,0.00,2
520,0.00,2
521,0.00,2
522,0.00,2
523,0.00,2
524,0.00,2
525,0.00,2
526,0.00,2
527,0.00,2
528,0.00,2
529,0.00,2
530,0.00,2
531,0.00,2
532,0.00,2
533,0.00,2
534,0.00,2
535,0.00,2
536,0.00,2
537,0.00,2
538,0.00,2
539,0.00,2
540,0.00,2
541,0.00,2
542,0.00,2
543,0.00,2
544,0.00,2
545,0.00,2
546,0.00,2
547,0.00,2
548,0.00,2
549,0.00,2
550,0.00,2
551,0.00,2
552,0.00,2
553,0.00,2
554,0.00,2
555,0.00,2
556,0.00,2
557,0.00,2
558,0.00,2
559,0.00,2
560,0.00,2
561,0.00,2
562,0.00,2
563,0.00,2
564,0.00,2
565,0.00,2
566,0.00,2
567,0.00,2
568,0.00,2
569,0.00,2
570,0.00,2
571,0.00,2
572,0.00,2
573,0.00,2
574,0.00,2
575,0.00,2
576,0.00,2
577,0.00,2
578,0.00,2
579,0.00,2
580,0.00,2
581,0.00,2
582,0.00,2
583,0.00,2
584,0.00,2
585,0.00,2
586,0.00,2
587,0.00,2
588,0.00,2
589,0.00,2
590,0.00,2
591,0.00,2
592,0.00,2
593,0.00,2
594,0.00,2
595,0.00,2
596,0.00,2
597,0.00,2
598,0.00,2
599,0.00,2
600,0.00,2
601,0.00,2
602,0.00,2
603,0.00,2
604,0.00,2
605,0.00,2
606,0.00,2
607,0.00,2
608,0.00,2
609,0.00,2
610,0.00,2
611,0.00,2
612,0.00,2
613,0.00,2
614,0.00,2
615,0.00,2
616,0.00,2
617,0.00,2
618,0.00,2
619,0.00,2
620,0.00,2
621,0.00,2
622,0.00,2
623,0.00,2
624,0.00,2
625,0.00,2
626,0.00,2
627,0.00,2
628,0.00,2
629,0.00,2
630,0.00,2
631,0.00,2
632,0.00,2
633,0.00,2
634,0.00,2
635,0.00,2
636,0.00,2
637,0.00,2
638,0.00,2
639,0.00,2
640,0.00,2
641,0.00,2
642,0.00,2
643,0.00,2
644,0.00,2
645,0.00,2
646,0.00,2
647,0.00,2
648,0.00,2
649,0.00,2
650,0.00,2
651,0.00,2
652,0.00,2
653,0.00,2
654,0.00,2
655,0.00,2
656,0.00,2
657,0.00,2
658,0.00,2
659,0.00,2
660,0.00,2
661,0.00,2
662,0.00,2
663,0.00,2
664,0.00,2
665,0.00,2
666,0.00,2
667,0.00,2
668,0.00,2
669,0.00,2
670,0.00,2
671,0.00,2
672,0.00,2
673,0.00,2
674,0.00,2
675,0.00,2
676,0.00,2
677,0.00,2
678,0.00,2
679,0.00,2
680,0.00,2
681,0.00,2
682,0.00,2
683,0.00,2
684,0.00,2
685,0.00,2
686,0.00,2
687,0.00,2
688,0.00,2
689,0.00,2
690,0.00,2
691,0.00,2
692,0.00,2
693,0.00,2
694,0.00,2
695,0.00,2
696,0.00,2
697,0.00,2
698,0.00,2
699,0.00,2
700,0.00,2
701,0.00,2
702,0.00,2
703,0.00,2
704,0.00,2
705,0.00,2
706,0.00,2
707,0.00,2
708,0.00,2
709,0.00,2
710,0.00,2
711,0.00,2
712,0.00,2
713,0.00,2
714,0.00,2
715,0.00,2
716,0.00,2
717,0.00,2
718,0.00,2
719,0.00,2
720,0.00,2
721,0.00,2
722,0.00,2
723,0.00,2
724,0.00,2
725,0.00,2
726,0.00,2
727,0.00,2
728,0.00,2
729,0.00,2
730,0.00,2
731,0.00,2
732,0.00,2
733,0.00,2
734,0.00,2
735,0.00,2
736,0.00,2
737,0.00,2
738,0.00,2
739,0.00,2
740,0.00,2
741,0.00,2
742,0.00,2
743,0.00,2
744,0.00,2
745,0.00,2
746,0.00,2
747,0.00,2
748,0.00,2
749,0.00,2
750,0.00,2
751,0.00,2
752,0.00,2
753,0.00,2
754,0.00,2
755,0.00,2
756,0.00,2
757,0.00,2
758,0.00,2
759,0.00,2
760,0.00,2
761,0.00,2
762,0.00,2
763,0.00,2
764,0.00,2
765,0.00,2
766,0.00,2
767,0.00,2
768,0.00,2
769,0.00,2
770,0.00,2
771,0.00,2
772,0.00,2
773,0.00,2
774,0.00,2
775,0.00,2
776,0.00,2
777,0.00,2
778,0.00,2
779,0.00,2
780,0.00,2
781,0.00,2
782,0.00,2
783,0.00,2
784,0.00,2
785,0.00,2
786,0.00,2
787,0.00,2
788,0.00,2
789,0.00,2
790,0.00,2
791,0.00,2
792,0.00,2
793,0.00,2
794,0.00,2
795,0.00,2
796,0.00,2
797,0.00,2
798,0.00,2
799,0.00,2
800,0.00,2
801,0.00,2
802,0.00,2
803,0.00,2
804,0.00,2
805,0.00,2
806,0.00,2
807,0.00,2
808,0.00,2
809,0.00,2
810,0.00,2
811,0.00,2
812,0.00,2
813,0.00,2
814,0.00,2
815,0.00,2
816,0.00,2
817,0.00,2
818,0.00,2
819,0.00,2
820,0.00,2
821,0.00,2
822,0.00,2
823,0.00,2
824,0.00,2
825,0.00,2
826,0.00,2
827,0.00,2
828,0.00,2
829,0.00,2
830,0.00,2
831,0.00,2
832,0.00,2
833,0.00,2
834,0.00,2
835,0.00,2
836,0.00,2
837,0.00,2
838,0.00,2
839,0.00,2
840,0.00,2
841,0.00,2
842,0.00,2
843,0.00,2
844,0.00,2
845,0.00,2
846,0.00,2
847,0.00,2
848,0.00,2
849,0.00,2
850,0.00,2
851,0.00,2
852,0.00,2
853,0.00,2
854,0.00,2
855,0.00,2
856,0.00,2
857,0.00,2
858,0.00,2
859,0.00,2
860,0.00,2
861,0.00,2
862,0.00,2
863,0.00,2
864,0.00,2
865,0.00,2
866,0.00,2
867,0.00,2
868,0.00,2
869,0.00,2
870,0.00,2
871,0.00,2
872,0.00,2
873,0.00,2
874,0.00,2
875,0.00,2
876,0.00,2
877,0.00,2
878,0.00,2
879,0.00,2
880,0.00,2
881,0.00,2
882,0.00,2
883,0.00,2
884,0.00,2
885,0.00,2
886,0.00,2
887,0.00,2
888,0.00,2
889,0.00,2
890,0.00,2
891,0.00,2
892,0.00,2
893,0.00,2
894,0.00,2
895,0.00,2
896,0.00,2
897,0.00,2
898,0.00,2
899,0.00,2
900,0.00,2
901,0.00,2
902,0.00,2
903,0.00,2
904,0.00,2
905,0.00,2
906,0.00,2
907,0.00,2
908,0.00,2
909,0.00,2
910,0.00,2
911,0.00,2
912,0.00,2
913,0.00,2
914,0.00,2
915,0.00,2
916,0.00,2
917,0.00,2
918,0.00,2
919,0.00,2
920,0.00,2
921,0.00,2
922,0.00,2
923,0.00,2
924,0.00,2
925,0.00,2
926,0.00,2
927,0.00,2
928,0.00,2
929,0.00,2
930,0.00,2
931,0.00,2
932,0.00,2
933,0.00,2
934,0.00,2
935,0.00,2
936,0.00,2
937,0.00,2
938,0.00,2
939,0.00,2
940,0.00,2
941,0.00,2
942,0.00,2
943,0.00,2
944,0.00,2
945,0.00,2
946,0.00,2
947,0.00,2
948,0.00,2
949,0.00,2
950,0.00,2
951,0.00,2
952,0.00,2
953,0.00,2
954,0.00,2
955,0.00,2
956,0.00,2
957,0.00,2
958,0.00,2
959,0.00,2
960,0.00,2
961,0.00,2
962,0.00,2
963,0.00,2
964,0.00,2
965,0.00,2
966,0.00,2
967,0.00,2
968,0.00,2
969,0.00,2
970,0.00,2
971,0.00,2
972,0.00,2
973,0.00,2
974,0.00,2
975,0.00,2
976,0.00,2
977,0.00,2
978,0.00,2
979,0.00,2
980,0.00,2
981,0.00,2
982,0.00,2
983,0.00,2
984,0.00,2
985,0.00,2
986,0.00,2
987,0.00,2
988,0.00,2
989,0.00,2
990,0.00,2
991,0.00,2
992,0.00,2
993,0.00,2
994,0.00,2
995,0.00,2
996,0.00,2
997,0.00,2
998,0.00,2
999,0.00,2
1000,0.00,2
1,278.14,3
2,255.60,3
3,240.93,3
4,240.93,3
5,238.37,3
6,229.99,3
7,229.99,3
8,226.81,3
9,226.76,3
10,226.76,3
11,225.64,3
12,225.64,3
13,161.47,3
14,158.40,3
15,158.40,3
16,154.46,3
17,146.04,3
18,146.04,3
19,135.96,3
20,135.96,3
21,135.96,3
22,135.96,3
23,135.96,3
24,122.05,3
25,122.05,3
26,113.69,3
27,113.69,3
28,113.69,3
29,113.69,3
30,110.47,3
31,110.47,3
32,110.47,3
33,108.63,3
34,108.63,3
35,87.65,3
36,87.65,3
37,87.65,3
38,87.65,3
39,87.65,3
40,84.89,3
41,84.89,3
42,84.73,3
43,83.78,3
44,83.78,3
45,83.78,3
46,76.62,3
47,76.62,3
48,76.62,3
49,76.62,3
50,76.62,3
51,76.62,3
52,76.62,3
53,76.62,3
54,76.62,3
55,76.62,3
56,76.62,3
57,66.64,3
58,66.64,3
59,66.64,3
60,66.64,3
61,65.69,3
62,65.26,3
63,65.26,3
64,63.42,3
65,63.34,3
66,63.34,3
67,61.78,3
68,57.92,3
69,56.67,3
70,56.67,3
71,56.67,3
72,56.67,3
73,56.67,3
74,56.62,3
75,53.24,3
76,53.24,3
77,53.24,3
78,53.24,3
79,52.52,3
80,52.30,3
81,52.30,3
82,52.30,3
83,52.30,3
84,52.30,3
85,52.30,3
86,52.30,3
87,52.30,3
88,52.30,3
89,52.30,3
90,48.50,3
91,48.50,3
92,48.50,3
93,48.50,3
94,48.50,3
95,48.50,3
96,48.50,3
97,48.50,3
98,48.50,3
99,48.50,3
100,48.46,3
101,48.36,3
102,48.36,3
103,48.36,3
104,48.36,3
105,48.36,3
106,48.36,3
107,48.36,3
108,48.36,3
109,48.36,3
110,48.36,3
111,48.36,3
112,48.31,3
113,48.31,3
114,48.31,3
115,48.31,3
116,48.31,3
117,48.31,3
118,48.31,3
119,48.31,3
120,48.31,3
121,48.31,3
122,48.31,3
123,48.31,3
124,25.92,3
125,25.92,3
126,25.89,3
127,25.89,3
128,25.89,3
129,25.89,3
130,25.89,3
131,25.89,3
132,25.89,3
133,25.89,3
134,19.83,3
135,19.83,3
136,19.83,3
137,19.83,3
138,19.83,3
139,19.83,3
140,19.83,3
141,19.83,3
142,19.83,3
143,19.83,3
144,19.83,3
145,19.83,3
146,19.83,3
147,19.83,3
148,19.83,3
149,19.83,3
150,19.83,3
151,19.83,3
152,19.83,3
153,19.83,3
154,19.83,3
155,19.83,3
156,15.22,3
157,15.22,3
158,15.22,3
159,15.22,3
160,15.22,3
161,15.22,3
162,15.22,3
163,15.22,3
164,15.22,3
165,15.22,3
166,15.22,3
167,15.20,3
168,15.20,3
169,15.20,3
170,15.20,3
171,15.20,3
172,15.20,3
173,15.20,3
174,15.20,3
175,15.20,3
176,15.20,3
177,15.20,3
178,0.00,3
179,0.00,3
180,0.00,3
181,0.00,3
182,0.00,3
183,0.00,3
184,0.00,3
185,0.00,3
186,0.00,3
187,0.00,3
188,0.00,3
189,0.00,3
190,0.00,3
191,0.00,3
192,0.00,3
193,0.00,3
194,0.00,3
195,0.00,3
196,0.00,3
197,0.00,3
198,0.00,3
199,0.00,3
200,0.00,3
201,0.00,3
202,0.00,3
203,0.00,3
204,0.00,3
205,0.00,3
206,0.00,3
207,0.00,3
208,0.00,3
209,0.00,3
210,0.00,3
211,0.00,3
212,0.00,3
213,0.00,3
214,0.00,3
215,0.00,3
216,0.00,3
217,0.00,3
218,0.00,3
219,0.00,3
220,0.00,3
221,0.00,3
222,0.00,3
223,0.00,3
224,0.00,3
225,0.00,3
226,0.00,3
227,0.00,3
228,0.00,3
229,0.00,3
230,0.00,3
231,0.00,3
232,0.00,3
233,0.00,3
234,0.00,3
235,0.00,3
236,0.00,3
237,0.00,3
238,0.00,3
239,0.00,3
240,0.00,3
241,0.00,3
242,0.00,3
243,0.00,3
244,0.00,3
245,0.00,3
246,0.00,3
247,0.00,3
248,0.00,3
249,0.00,3
250,0.00,3
251,0.00,3
252,0.00,3
253,0.00,3
254,0.00,3
255,0.00,3
256,0.00,3
257,0.00,3
258,0.00,3
259,0.00,3
260,0.00,3
261,0.00,3
262,0.00,3
263,0.00,3
264,0.00,3
265,0.00,3
266,0.00,3
267,0.00,3
268,0.00,3
269,0.00,3
270,0.00,3
271,0.00,3
272,0.00,3
273,0.00,3
274,0.00,3
275,0.00,3
276,0.00,3
277,0.00,3
278,0.00,3
279,0.00,3
280,0.00,3
281,0.00,3
282,0.00,3
283,0.00,3
284,0.00,3
285,0.00,3
286,0.00,3
287,0.00,3
288,0.00,3
289,0.00,3
290,0.00,3
291,0.00,3
292,0.00,3
293,0.00,3
294,0.00,3
295,0.00,3
296,0.00,3
297,0.00,3
298,0.00,3
299,0.00,3
300,0.00,3
301,0.00,3
302,0.00,3
303,0.00,3
304,0.00,3
305,0.00,3
306,0.00,3
307,0.00,3
308,0.00,3
309,0.00,3
310,0.00,3
311,0.00,3
312,0.00,3
313,0.00,3
314,0.00,3
315,0.00,3
316,0.00,3
317,0.00,3
318,0.00,3
319,0.00,3
320,0.00,3
321,0.00,3
322,0.00,3
323,0.00,3
324,0.00,3
325,0.00,3
326,0.00,3
327,0.00,3
328,0.00,3
329,0.00,3
330,0.00,3
331,0.00,3
332,0.00,3
333,0.00,3
334,0.00,3
335,0.00,3
336,0.00,3
337,0.00,3
338,0.00,3
339,0.00,3
340,0.00,3
341,0.00,3
342,0.00,3
343,0.00,3
344,0.00,3
345,0.00,3
346,0.00,3
347,0.00,3
348,0.00,3
349,0.00,3
350,0.00,3
351,0.00,3
352,0.00,3
353,0.00,3
354,0.00,3
355,0.00,3
356,0.00,3
357,0.00,3
358,0.00,3
359,0.00,3
360,0.00,3
361,0.00,3
362,0.00,3
363,0.00,3
364,0.00,3
365,0.00,3
366,0.00,3
367,0.00,3
368,0.00,3
369,0.00,3
370,0.00,3
371,0.00,3
372,0.00,3
373,0.00,3
374,0.00,3
375,0.00,3
376,0.00,3
377,0.00,3
378,0.00,3
379,0.00,3
380,0.00,3
381,0.00,3
382,0.00,3
383,0.00,3
384,0.00,3
385,0.00,3
386,0.00,3
387,0.00,3
388,0.00,3
389,0.00,3
390,0.00,3
391,0.00,3
392,0.00,3
393,0.00,3
394,0.00,3
395,0.00,3
396,0.00,3
397,0.00,3
398,0.00,3
399,0.00,3
400,0.00,3
401,0.00,3
402,0.00,3
403,0.00,3
404,0.00,3
405,0.00,3
406,0.00,3
407,0.00,3
408,0.00,3
409,0.00,3
410,0.00,3
411,0.00,3
412,0.00,3
413,0.00,3
414,0.00,3
415,0.00,3
416,0.00,3
417,0.00,3
418,0.00,3
419,0.00,3
420,0.00,3
421,0.00,3
422,0.00,3
423,0.00,3
424,0.00,3
425,0.00,3
426,0.00,3
427,0.00,3
428,0.00,3
429,0.00,3
430,0.00,3
431,0.00,3
432,0.00,3
433,0.00,3
434,0.00,3
435,0.00,3
436,0.00,3
437,0.00,3
438,0.00,3
439,0.00,3
440,0.00,3
441,0.00,3
442,0.00,3
443,0.00,3
444,0.00,3
445,0.00,3
446,0.00,3
447,0.00,3
448,0.00,3
449,0.00,3
450,0.00,3
451,0.00,3
452,0.00,3
453,0.00,3
454,0.00,3
455,0.00,3
456,0.00,3
457,0.00,3
458,0.00,3
459,0.00,3
460,0.00,3
461,0.00,3
462,0.00,3
463,0.00,3
464,0.00,3
465,0.00,3
466,0.00,3
467,0.00,3
468,0.00,3
469,0.00,3
470,0.00,3
471,0.00,3
472,0.00,3
473,0.00,3
474,0.00,3
475,0.00,3
476,0.00,3
477,0.00,3
478,0.00,3
479,0.00,3
480,0.00,3
481,0.00,3
482,0.00,3
483,0.00,3
484,0.00,3
485,0.00,3
486,0.00,3
487,0.00,3
488,0.00,3
489,0.00,3
490,0.00,3
491,0.00,3
492,0.00,3
493,0.00,3
494,0.00,3
495,0.00,3
496,0.00,3
497,0.00,3
498,0.00,3
499,0.00,3
500,0.00,3
501,0.00,3
502,0.00,3
503,0.00,3
504,0.00,3
505,0.00,3
506,0.00,3
507,0.00,3
508,0.00,3
509,0.00,3
510,0.00,3
511,0.00,3
512,0.00,3
513,0.00,3
514,0.00,3
515,0.00,3
516,0.00,3
517,0.00,3
518,0.00,3
519,0.00,3
520,0.00,3
521,0.00,3
522,0.00,3
523,0.00,3
524,0.00,3
525,0.00,3
526,0.00,3
527,0.00,3
528,0.00,3
529,0.00,3
530,0.00,3
531,0.00,3
532,0.00,3
533,0.00,3
534,0.00,3
535,0.00,3
536,0.00,3
537,0.00,3
538,0.00,3
539,0.00,3
540,0.00,3
541,0.00,3
542,0.00,3
543,0.00,3
544,0.00,3
545,0.00,3
546,0.00,3
547,0.00,3
548,0.00,3
549,0.00,3
550,0.00,3
551,0.00,3
552,0.00,3
553,0.00,3
554,0.00,3
555,0.00,3
556,0.00,3
557,0.00,3
558,0.00,3
559,0.00,3
560,0.00,3
561,0.00,3
562,0.00,3
563,0.00,3
564,0.00,3
565,0.00,3
566,0.00,3
567,0.00,3
568,0.00,3
569,0.00,3
570,0.00,3
571,0.00,3
572,0.00,3
573,0.00,3
574,0.00,3
575,0.00,3
576,0.00,3
577,0.00,3
578,0.00,3
579,0.00,3
580,0.00,3
581,0.00,3
582,0.00,3
583,0.00,3
584,0.00,3
585,0.00,3
586,0.00,3
587,0.00,3
588,0.00,3
589,0.00,3
590,0.00,3
591,0.00,3
592,0.00,3
593,0.00,3
594,0.00,3
595,0.00,3
596,0.00,3
597,0.00,3
598,0.00,3
599,0.00,3
600,0.00,3
601,0.00,3
602,0.00,3
603,0.00,3
604,0.00,3
605,0.00,3
606,0.00,3
607,0.00,3
608,0.00,3
609,0.00,3
610,0.00,3
611,0.00,3
612,0.00,3
613,0.00,3
614,0.00,3
615,0.00,3
616,0.00,3
617,0.00,3
618,0.00,3
619,0.00,3
620,0.00,3
621,0.00,3
622,0.00,3
623,0.00,3
624,0.00,3
625,0.00,3
626,0.00,3
627,0.00,3
628,0.00,3
629,0.00,3
630,0.00,3
631,0.00,3
632,0.00,3
633,0.00,3
634,0.00,3
635,0.00,3
636,0.00,3
637,0.00,3
638,0.00,3
639,0.00,3
640,0.00,3
641,0.00,3
642,0.00,3
643,0.00,3
644,0.00,3
645,0.00,3
646,0.00,3
647,0.00,3
648,0.00,3
649,0.00,3
650,0.00,3
651,0.00,3
652,0.00,3
653,0.00,3
654,0.00,3
655,0.00,3
656,0.00,3
657,0.00,3
658,0.00,3
659,0.00,3
660,0.00,3
661,0.00,3
662,0.00,3
663,0.00,3
664,0.00,3
665,0.00,3
666,0.00,3
667,0.00,3
668,0.00,3
669,0.00,3
670,0.00,3
671,0.00,3
672,0.00,3
673,0.00,3
674,0.00,3
675,0.00,3
676,0.00,3
677,0.00,3
678,0.00,3
679,0.00,3
680,0.00,3
681,0.00,3
682,0.00,3
683,0.00,3
684,0.00,3
685,0.00,3
686,0.00,3
687,0.00,3
688,0.00,3
689,0.00,3
690,0.00,3
691,0.00,3
692,0.00,3
693,0.00,3
694,0.00,3
695,0.00,3
696,0.00,3
697,0.00,3
698,0.00,3
699,0.00,3
700,0.00,3
701,0.00,3
702,0.00,3
703,0.00,3
704,0.00,3
705,0.00,3
706,0.00,3
707,0.00,3
708,0.00,3
709,0.00,3
710,0.00,3
711,0.00,3
712,0.00,3
713,0.00,3
714,0.00,3
715,0.00,3
716,0.00,3
717,0.00,3
718,0.00,3
719,0.00,3
720,0.00,3
721,0.00,3
722,0.00,3
723,0.00,3
724,0.00,3
725,0.00,3
726,0.00,3
727,0.00,3
728,0.00,3
729,0.00,3
730,0.00,3
731,0.00,3
732,0.00,3
733,0.00,3
734,0.00,3
735,0.00,3
736,0.00,3
737,0.00,3
738,0.00,3
739,0.00,3
740,0.00,3
741,0.00,3
742,0.00,3
743,0.00,3
744,0.00,3
745,0.00,3
746,0.00,3
747,0.00,3
748,0.00,3
749,0.00,3
750,0.00,3
751,0.00,3
752,0.00,3
753,0.00,3
754,0.00,3
755,0.00,3
756,0.00,3
757,0.00,3
758,0.00,3
759,0.00,3
760,0.00,3
761,0.00,3
762,0.00,3
763,0.00,3
764,0.00,3
765,0.00,3
766,0.00,3
767,0.00,3
768,0.00,3
769,0.00,3
770,0.00,3
771,0.00,3
772,0.00,3
773,0.00,3
774,0.00,3
775,0.00,3
776,0.00,3
777,0.00,3
778,0.00,3
779,0.00,3
780,0.00,3
781,0.00,3
782,0.00,3
783,0.00,3
784,0.00,3
785,0.00,3
786,0.00,3
787,0.00,3
788,0.00,3
789,0.00,3
790,0.00,3
791,0.00,3
792,0.00,3
793,0.00,3
794,0.00,3
795,0.00,3
796,0.00,3
797,0.00,3
798,0.00,3
799,0.00,3
800,0.00,3
801,0.00,3
802,0.00,3
803,0.00,3
804,0.00,3
805,0.00,3
806,0.00,3
807,0.00,3
808,0.00,3
809,0.00,3
810,0.00,3
811,0.00,3
812,0.00,3
813,0.00,3
814,0.00,3
815,0.00,3
816,0.00,3
817,0.00,3
818,0.00,3
819,0.00,3
820,0.00,3
821,0.00,3
822,0.00,3
823,0.00,3
824,0.00,3
825,0.00,3
826,0.00,3
827,0.00,3
828,0.00,3
829,0.00,3
830,0.00,3
831,0.00,3
832,0.00,3
833,0.00,3
834,0.00,3
835,0.00,3
836,0.00,3
837,0.00,3
838,0.00,3
839,0.00,3
840,0.00,3
841,0.00,3
842,0.00,3
843,0.00,3
844,0.00,3
845,0.00,3
846,0.00,3
847,0.00,3
848,0.00,3
849,0.00,3
850,0.00,3
851,0.00,3
852,0.00,3
853,0.00,3
854,0.00,3
855,0.00,3
856,0.00,3
857,0.00,3
858,0.00,3
859,0.00,3
860,0.00,3
861,0.00,3
862,0.00,3
863,0.00,3
864,0.00,3
865,0.00,3
866,0.00,3
867,0.00,3
868,0.00,3
869,0.00,3
870,0.00,3
871,0.00,3
872,0.00,3
873,0.00,3
874,0.00,3
875,0.00,3
876,0.00,3
877,0.00,3
878,0.00,3
879,0.00,3
880,0.00,3
881,0.00,3
882,0.00,3
883,0.00,3
884,0.00,3
885,0.00,3
886,0.00,3
887,0.00,3
888,0.00,3
889,0.00,3
890,0.00,3
891,0.00,3
892,0.00,3
893,0.00,3
894,0.00,3
895,0.00,3
896,0.00,3
897,0.00,3
898,0.00,3
899,0.00,3
900,0.00,3
901,0.00,3
902,0.00,3
903,0.00,3
904,0.00,3
905,0.00,3
906,0.00,3
907,0.00,3
908,0.00,3
909,0.00,3
910,0.00,3
911,0.00,3
912,0.00,3
913,0.00,3
914,0.00,3
915,0.00,3
916,0.00,3
917,0.00,3
918,0.00,3
919,0.00,3
920,0.00,3
921,0.00,3
922,0.00,3
923,0.00,3
924,0.00,3
925,0.00,3
926,0.00,3
927,0.00,3
928,0.00,3
929,0.00,3
930,0.00,3
931,0.00,3
932,0.00,3
933,0.00,3
934,0.00,3
935,0.00,3
936,0.00,3
937,0.00,3
938,0.00,3
939,0.00,3
940,0.00,3
941,0.00,3
942,0.00,3
943,0.00,3
944,0.00,3
945,0.00,3
946,0.00,3
947,0.00,3
948,0.00,3
949,0.00,3
950,0.00,3
951,0.00,3
952,0.00,3
953,0.00,3
954,0.00,3
955,0.00,3
956,0.00,3
957,0.00,3
958,0.00,3
959,0.00,3
960,0.00,3
961,0.00,3
962,0.00,3
963,0.00,3
964,0.00,3
965,0.00,3
966,0.00,3
967,0.00,3
968,0.00,3
969,0.00,3
970,0.00,3
971,0.00,3
972,0.00,3
973,0.00,3
974,0.00,3
975,0.00,3
976,0.00,3
977,0.00,3
978,0.00,3
979,0.00,3
980,0.00,3
981,0.00,3
982,0.00,3
983,0.00,3
984,0.00,3
985,0.00,3
986,0.00,3
987,0.00,3
988,0.00,3
989,0.00,3
990,0.00,3
991,0.00,3
992,0.00,3
993,0.00,3
994,0.00,3
995,0.00,3
996,0.00,3
997,0.00,3
998,0.00,3
999,0.00,3
1000,0.00,3
1,323.06,4
2,226.51,4
3,224.95,4
4,222.76,4
5,214.48,4
6,212.12,4
7,195.62,4
8,194.30,4
9,190.93,4
10,181.97,4
11,175.17,4
12,173.27,4
13,170.20,4
14,166.38,4
15,163.28,4
16,161.35,4
17,155.94,4
18,154.94,4
19,151.96,4
20,148.40,4
21,148.19,4
22,146.12,4
23,146.12,4
24,135.82,4
25,130.15,4
26,128.26,4
27,127.15,4
28,124.80,4
29,124.80,4
30,123.43,4
31,123.43,4
32,123.43,4
33,123.43,4
34,123.43,4
35,121.42,4
36,119.47,4
37,119.47,4
38,117.31,4
39,115.99,4
40,115.57,4
41,114.55,4
42,113.24,4
43,111.13,4
44,110.39,4
45,108.72,4
46,108.80,4
47,108.80,4
48,108.80,4
49,108.80,4
50,108.77,4
51,108.77,4
52,108.77,4
53,107.13,4
54,107.13,4
55,107.09,4
56,107.09,4
57,102.25,4
58,102.15,4
59,102.15,4
60,101.09,4
61,101.09,4
62,100.94,4
63,100.94,4
64,100.58,4
65,100.53,4
66,100.53,4
67,100.17,4
68,96.84,4
69,96.84,4
70,96.84,4
71,94.84,4
72,94.84,4
73,93.95,4
74,93.95,4
75,93.95,4
76,93.95,4
77,93.95,4
78,93.95,4
79,91.44,4
80,91.44,4
81,91.44,4
82,91.44,4
83,91.44,4
84,91.41,4
85,91.41,4
86,89.93,4
87,89.77,4
88,89.77,4
89,89.77,4
90,89.72,4
91,89.72,4
92,89.06,4
93,89.06,4
94,89.06,4
95,89.06,4
96,88.70,4
97,88.70,4
98,88.70,4
99,88.70,4
100,88.70,4
101,87.47,4
102,87.47,4
103,87.47,4
104,87.47,4
105,87.32,4
106,87.32,4
107,87.32,4
108,87.32,4
109,87.19,4
110,87.19,4
111,87.19,4
112,86.60,4
113,86.60,4
114,86.60,4
115,86.60,4
116,86.60,4
117,86.60,4
118,86.60,4
119,86.60,4
120,86.60,4
121,86.60,4
122,86.60,4
123,86.12,4
124,86.12,4
125,86.12,4
126,86.12,4
127,86.12,4
128,86.12,4
129,86.12,4
130,86.12,4
131,86.12,4
132,86.12,4
133,86.12,4
134,85.94,4
135,85.94,4
136,85.94,4
137,85.94,4
138,85.94,4
139,85.94,4
140,85.94,4
141,85.94,4
142,85.94,4
143,85.94,4
144,85.94,4
145,85.94,4
146,85.94,4
147,85.94,4
148,85.94,4
149,85.94,4
150,85.94,4
151,85.94,4
152,85.94,4
153,85.94,4
154,85.94,4
155,85.94,4
156,38.82,4
157,38.82,4
158,38.82,4
159,38.82,4
160,38.82,4
161,38.82,4
162,38.82,4
163,38.82,4
164,38.82,4
165,38.82,4
166,38.82,4
167,22.02,4
168,20.79,4
169,20.79,4
170,20.79,4
171,20.79,4
172,20.79,4
173,20.79,4
174,20.79,4
175,20.79,4
176,20.79,4
177,20.79,4
178,21.79,4
179,21.79,4
180,21.79,4
181,21.79,4
182,21.79,4
183,21.79,4
184,21.79,4
185,21.79,4
186,21.79,4
187,21.79,4
188,21.79,4
189,20.79,4
190,0.34,4
191,0.34,4
192,0.34,4
193,0.34,4
194,0.34,4
195,0.34,4
196,0.34,4
197,0.34,4
198,0.34,4
199,0.34,4
200,20.79,4
201,0.68,4
202,0.68,4
203,0.68,4
204,0.68,4
205,0.68,4
206,0.68,4
207,0.68,4
208,0.68,4
209,0.68,4
210,0.68,4
211,0.34,4
212,0.34,4
213,0.34,4
214,0.34,4
215,0.34,4
216,0.34,4
217,0.34,4
218,0.34,4
219,0.34,4
220,0.34,4
221,0.34,4
222,0.34,4
223,0.34,4
224,0.34,4
225,0.34,4
226,0.34,4
227,0.34,4
228,0.34,4
229,0.34,4
230,0.34,4
231,0.34,4
232,0.34,4
233,0.00,4
234,0.00,4
235,0.00,4
236,0.00,4
237,0.00,4
238,0.00,4
239,0.00,4
240,0.00,4
241,0.00,4
242,0.00,4
243,0.00,4
244,0.00,4
245,0.00,4
246,0.00,4
247,0.00,4
248,0.00,4
249,0.00,4
250,0.00,4
251,0.00,4
252,0.00,4
253,0.00,4
254,0.00,4
255,0.00,4
256,0.00,4
257,0.00,4
258,0.00,4
259,0.00,4
260,0.00,4
261,0.00,4
262,0.00,4
263,0.00,4
264,0.00,4
265,0.00,4
266,0.00,4
267,0.00,4
268,0.00,4
269,0.00,4
270,0.00,4
271,0.00,4
272,0.00,4
273,0.00,4
274,0.00,4
275,0.00,4
276,0.00,4
277,0.00,4
278,0.00,4
279,0.00,4
280,0.00,4
281,0.00,4
282,0.00,4
283,0.00,4
284,0.00,4
285,0.00,4
286,0.00,4
287,0.00,4
288,0.00,4
289,0.00,4
290,0.00,4
291,0.00,4
292,0.00,4
293,0.00,4
294,0.00,4
295,0.00,4
296,0.00,4
297,0.00,4
298,0.00,4
299,0.00,4
300,0.00,4
301,0.00,4
302,0.00,4
303,0.00,4
304,0.00,4
305,0.00,4
306,0.00,4
307,0.00,4
308,0.00,4
309,0.00,4
310,0.00,4
311,0.00,4
312,0.00,4
313,0.00,4
314,0.00,4
315,0.00,4
316,0.00,4
317,0.00,4
318,0.00,4
319,0.00,4
320,0.00,4
321,0.00,4
322,0.00,4
323,0.00,4
324,0.00,4
325,0.00,4
326,0.00,4
327,0.00,4
328,0.00,4
329,0.00,4
330,0.00,4
331,0.00,4
332,0.00,4
333,0.00,4
334,0.00,4
335,0.00,4
336,0.00,4
337,0.00,4
338,0.00,4
339,0.00,4
340,0.00,4
341,0.00,4
342,0.00,4
343,0.00,4
344,0.00,4
345,0.00,4
346,0.00,4
347,0.00,4
348,0.00,4
349,0.00,4
350,0.00,4
351,0.00,4
352,0.00,4
353,0.00,4
354,0.00,4
355,0.00,4
356,0.00,4
357,0.00,4
358,0.00,4
359,0.00,4
360,0.00,4
361,0.00,4
362,0.00,4
363,0.00,4
364,0.00,4
365,0.00,4
366,0.00,4
367,0.00,4
368,0.00,4
369,0.00,4
370,0.00,4
371,0.00,4
372,0.00,4
373,0.00,4
374,0.00,4
375,0.00,4
376,0.00,4
377,0.00,4
378,0.00,4
379,0.00,4
380,0.00,4
381,0.00,4
382,0.00,4
383,0.00,4
384,0.00,4
385,0.00,4
386,0.00,4
387,0.00,4
388,0.00,4
389,0.00,4
390,0.00,4
391,0.00,4
392,0.00,4
393,0.00,4
394,0.00,4
395,0.00,4
396,0.00,4
397,0.00,4
398,0.00,4
399,0.00,4
400,0.00,4
401,0.00,4
402,0.00,4
403,0.00,4
404,0.00,4
405,0.00,4
406,0.00,4
407,0.00,4
408,0.00,4
409,0.00,4
410,0.00,4
411,0.00,4
412,0.00,4
413,0.00,4
414,0.00,4
415,0.00,4
416,0.00,4
417,0.00,4
418,0.00,4
419,0.00,4
420,0.00,4
421,0.00,4
422,0.00,4
423,0.00,4
424,0.00,4
425,0.00,4
426,0.00,4
427,0.00,4
428,0.00,4
429,0.00,4
430,0.00,4
431,0.00,4
432,0.00,4
433,0.00,4
434,0.00,4
435,0.00,4
436,0.00,4
437,0.00,4
438,0.00,4
439,0.00,4
440,0.00,4
441,0.00,4
442,0.00,4
443,0.00,4
444,0.00,4
445,0.00,4
446,0.00,4
447,0.00,4
448,0.00,4
449,0.00,4
450,0.00,4
451,0.00,4
452,0.00,4
453,0.00,4
454,0.00,4
455,0.00,4
456,0.00,4
457,0.00,4
458,0.00,4
459,0.00,4
460,0.00,4
461,0.00,4
462,0.00,4
463,0.00,4
464,0.00,4
465,0.00,4
466,0.00,4
467,0.00,4
468,0.00,4
469,0.00,4
470,0.00,4
471,0.00,4
472,0.00,4
473,0.00,4
474,0.00,4
475,0.00,4
476,0.00,4
477,0.00,4
478,0.00,4
479,0.00,4
480,0.00,4
481,0.00,4
482,0.00,4
483,0.00,4
484,0.00,4
485,0.00,4
486,0.00,4
487,0.00,4
488,0.00,4
489,0.00,4
490,0.00,4
491,0.00,4
492,0.00,4
493,0.00,4
494,0.00,4
495,0.00,4
496,0.00,4
497,0.00,4
498,0.00,4
499,0.00,4
500,0.00,4
501,0.00,4
502,0.00,4
503,0.00,4
504,0.00,4
505,0.00,4
506,0.00,4
507,0.00,4
508,0.00,4
509,0.00,4
510,0.00,4
511,0.00,4
512,0.00,4
513,0.00,4
514,0.00,4
515,0.00,4
516,0.00,4
517,0.00,4
518,0.00,4
519,0.00,4
520,0.00,4
521,0.00,4
522,0.00,4
523,0.00,4
524,0.00,4
525,0.00,4
526,0.00,4
527,0.00,4
528,0.00,4
529,0.00,4
530,0.00,4
531,0.00,4
532,0.00,4
533,0.00,4
534,0.00,4
535,0.00,4
536,0.00,4
537,0.00,4
538,0.00,4
539,0.00,4
540,0.00,4
541,0.00,4
542,0.00,4
543,0.00,4
544,0.00,4
545,0.00,4
546,0.00,4
547,0.00,4
548,0.00,4
549,0.00,4
550,0.00,4
551,0.00,4
552,0.00,4
553,0.00,4
554,0.00,4
555,0.00,4
556,0.00,4
557,0.00,4
558,0.00,4
559,0.00,4
560,0.00,4
561,0.00,4
562,0.00,4
563,0.00,4
564,0.00,4
565,0.00,4
566,0.00,4
567,0.00,4
568,0.00,4
569,0.00,4
570,0.00,4
571,0.00,4
572,0.00,4
573,0.00,4
574,0.00,4
575,0.00,4
576,0.00,4
577,0.00,4
578,0.00,4
579,0.00,4
580,0.00,4
581,0.00,4
582,0.00,4
583,0.00,4
584,0.00,4
585,0.00,4
586,0.00,4
587,0.00,4
588,0.00,4
589,0.00,4
590,0.00,4
591,0.00,4
592,0.00,4
593,0.00,4
594,0.00,4
595,0.00,4
596,0.00,4
597,0.00,4
598,0.00,4
599,0.00,4
600,0.00,4
601,0.00,4
602,0.00,4
603,0.00,4
604,0.00,4
605,0.00,4
606,0.00,4
607,0.00,4
608,0.00,4
609,0.00,4
610,0.00,4
611,0.00,4
612,0.00,4
613,0.00,4
614,0.00,4
615,0.00,4
616,0.00,4
617,0.00,4
618,0.00,4
619,0.00,4
620,0.00,4
621,0.00,4
622,0.00,4
623,0.00,4
624,0.00,4
625,0.00,4
626,0.00,4
627,0.00,4
628,0.00,4
629,0.00,4
630,0.00,4
631,0.00,4
632,0.00,4
633,0.00,4
634,0.00,4
635,0.00,4
636,0.00,4
637,0.00,4
638,0.00,4
639,0.00,4
640,0.00,4
641,0.00,4
642,0.00,4
643,0.00,4
644,0.00,4
645,0.00,4
646,0.00,4
647,0.00,4
648,0.00,4
649,0.00,4
650,0.00,4
651,0.00,4
652,0.00,4
653,0.00,4
654,0.00,4
655,0.00,4
656,0.00,4
657,0.00,4
658,0.00,4
659,0.00,4
660,0.00,4
661,0.00,4
662,0.00,4
663,0.00,4
664,0.00,4
665,0.00,4
666,0.00,4
667,0.00,4
668,0.00,4
669,0.00,4
670,0.00,4
671,0.00,4
672,0.00,4
673,0.00,4
674,0.00,4
675,0.00,4
676,0.00,4
677,0.00,4
678,0.00,4
679,0.00,4
680,0.00,4
681,0.00,4
682,0.00,4
683,0.00,4
684,0.00,4
685,0.00,4
686,0.00,4
687,0.00,4
688,0.00,4
689,0.00,4
690,0.00,4
691,0.00,4
692,0.00,4
693,0.00,4
694,0.00,4
695,0.00,4
696,0.00,4
697,0.00,4
698,0.00,4
699,0.00,4
700,0.00,4
701,0.00,4
702,0.00,4
703,0.00,4
704,0.00,4
705,0.00,4
706,0.00,4
707,0.00,4
708,0.00,4
709,0.00,4
710,0.00,4
711,0.00,4
712,0.00,4
713,0.00,4
714,0.00,4
715,0.00,4
716,0.00,4
717,0.00,4
718,0.00,4
719,0.00,4
720,0.00,4
721,0.00,4
722,0.00,4
723,0.00,4
724,0.00,4
725,0.00,4
726,0.00,4
727,0.00,4
728,0.00,4
729,0.00,4
730,0.00,4
731,0.00,4
732,0.00,4
733,0.00,4
734,0.00,4
735,0.00,4
736,0.00,4
737,0.00,4
738,0.00,4
739,0.00,4
740,0.00,4
741,0.00,4
742,0.00,4
743,0.00,4
744,0.00,4
745,0.00,4
746,0.00,4
747,0.00,4
748,0.00,4
749,0.00,4
750,0.00,4
751,0.00,4
752,0.00,4
753,0.00,4
754,0.00,4
755,0.00,4
756,0.00,4
757,0.00,4
758,0.00,4
759,0.00,4
760,0.00,4
761,0.00,4
762,0.00,4
763,0.00,4
764,0.00,4
765,0.00,4
766,0.00,4
767,0.00,4
768,0.00,4
769,0.00,4
770,0.00,4
771,0.00,4
772,0.00,4
773,0.00,4
774,0.00,4
775,0.00,4
776,0.00,4
777,0.00,4
778,0.00,4
779,0.00,4
780,0.00,4
781,0.00,4
782,0.00,4
783,0.00,4
784,0.00,4
785,0.00,4
786,0.00,4
787,0.00,4
788,0.00,4
789,0.00,4
790,0.00,4
791,0.00,4
792,0.00,4
793,0.00,4
794,0.00,4
795,0.00,4
796,0.00,4
797,0.00,4
798,0.00,4
799,0.00,4
800,0.00,4
801,0.00,4
802,0.00,4
803,0.00,4
804,0.00,4
805,0.00,4
806,0.00,4
807,0.00,4
808,0.00,4
809,0.00,4
810,0.00,4
811,0.00,4
812,0.00,4
813,0.00,4
814,0.00,4
815,0.00,4
816,0.00,4
817,0.00,4
818,0.00,4
819,0.00,4
820,0.00,4
821,0.00,4
822,0.00,4
823,0.00,4
824,0.00,4
825,0.00,4
826,0.00,4
827,0.00,4
828,0.00,4
829,0.00,4
830,0.00,4
831,0.00,4
832,0.00,4
833,0.00,4
834,0.00,4
835,0.00,4
836,0.00,4
837,0.00,4
838,0.00,4
839,0.00,4
840,0.00,4
841,0.00,4
842,0.00,4
843,0.00,4
844,0.00,4
845,0.00,4
846,0.00,4
847,0.00,4
848,0.00,4
849,0.00,4
850,0.00,4
851,0.00,4
852,0.00,4
853,0.00,4
854,0.00,4
855,0.00,4
856,0.00,4
857,0.00,4
858,0.00,4
859,0.00,4
860,0.00,4
861,0.00,4
862,0.00,4
863,0.00,4
864,0.00,4
865,0.00,4
866,0.00,4
867,0.00,4
868,0.00,4
869,0.00,4
870,0.00,4
871,0.00,4
872,0.00,4
873,0.00,4
874,0.00,4
875,0.00,4
876,0.00,4
877,0.00,4
878,0.00,4
879,0.00,4
880,0.00,4
881,0.00,4
882,0.00,4
883,0.00,4
884,0.00,4
885,0.00,4
886,0.00,4
887,0.00,4
888,0.00,4
889,0.00,4
890,0.00,4
891,0.00,4
892,0.00,4
893,0.00,4
894,0.00,4
895,0.00,4
896,0.00,4
897,0.00,4
898,0.00,4
899,0.00,4
900,0.00,4
901,0.00,4
902,0.00,4
903,0.00,4
904,0.00,4
905,0.00,4
906,0.00,4
907,0.00,4
908,0.00,4
909,0.00,4
910,0.00,4
911,0.00,4
912,0.00,4
913,0.00,4
914,0.00,4
915,0.00,4
916,0.00,4
917,0.00,4
918,0.00,4
919,0.00,4
920,0.00,4
921,0.00,4
922,0.00,4
923,0.00,4
924,0.00,4
925,0.00,4
926,0.00,4
927,0.00,4
928,0.00,4
929,0.00,4
930,0.00,4
931,0.00,4
932,0.00,4
933,0.00,4
934,0.00,4
935,0.00,4
936,0.00,4
937,0.00,4
938,0.00,4
939,0.00,4
940,0.00,4
941,0.00,4
942,0.00,4
943,0.00,4
944,0.00,4
945,0.00,4
946,0.00,4
947,0.00,4
948,0.00,4
949,0.00,4
950,0.00,4
951,0.00,4
952,0.00,4
953,0.00,4
954,0.00,4
955,0.00,4
956,0.00,4
957,0.00,4
958,0.00,4
959,0.00,4
960,0.00,4
961,0.00,4
962,0.00,4
963,0.00,4
964,0.00,4
965,0.00,4
966,0.00,4
967,0.00,4
968,0.00,4
969,0.00,4
970,0.00,4
971,0.00,4
972,0.00,4
973,0.00,4
974,0.00,4
975,0.00,4
976,0.00,4
977,0.00,4
978,0.00,4
979,0.00,4
980,0.00,4
981,0.00,4
982,0.00,4
983,0.00,4
984,0.00,4
985,0.00,4
986,0.00,4
987,0.00,4
988,0.00,4
989,0.00,4
990,0.00,4
991,0.00,4
992,0.00,4
993,0.00,4
994,0.00,4
995,0.00,4
996,0.00,4
997,0.00,4
998,0.00,4
999,0.00,4
1000,0.00,4
1,321.49,5
2,247.59,5
3,223.68,5
4,223.68,5
5,218.53,5
6,211.56,5
7,206.62,5
8,201.72,5
9,198.56,5
10,191.80,5
11,183.07,5
12,180.69,5
13,140.62,5
14,137.50,5
15,136.01,5
16,136.01,5
17,130.29,5
18,130.29,5
19,122.12,5
20,119.51,5
21,119.51,5
22,118.35,5
23,117.04,5
24,88.39,5
25,88.39,5
26,75.74,5
27,75.55,5
28,75.55,5
29,75.55,5
30,75.55,5
31,75.55,5
32,72.82,5
33,71.05,5
34,69.46,5
35,58.58,5
36,58.58,5
37,57.47,5
38,57.47,5
39,57.39,5
40,57.16,5
41,57.03,5
42,50.52,5
43,50.52,5
44,50.06,5
45,49.82,5
46,50.19,5
47,48.83,5
48,48.83,5
49,48.83,5
50,48.83,5
51,48.82,5
52,48.82,5
53,48.78,5
54,48.53,5
55,48.39,5
56,47.35,5
57,43.98,5
58,43.09,5
59,43.09,5
60,42.99,5
61,41.19,5
62,41.19,5
63,41.00,5
64,40.86,5
65,40.75,5
66,40.75,5
67,40.75,5
68,38.48,5
69,37.93,5
70,37.93,5
71,37.93,5
72,37.93,5
73,37.93,5
74,37.64,5
75,37.64,5
76,37.64,5
77,37.08,5
78,37.08,5
79,35.35,5
80,35.35,5
81,35.10,5
82,34.92,5
83,34.64,5
84,33.74,5
85,33.74,5
86,33.17,5
87,33.16,5
88,33.16,5
89,31.94,5
90,31.78,5
91,31.78,5
92,31.78,5
93,31.20,5
94,31.20,5
95,31.20,5
96,31.20,5
97,31.20,5
98,30.94,5
99,30.94,5
100,30.94,5
101,30.49,5
102,30.49,5
103,30.49,5
104,30.49,5
105,29.81,5
106,29.06,5
107,29.06,5
108,29.06,5
109,29.06,5
110,29.06,5
111,29.06,5
112,29.61,5
113,29.14,5
114,29.14,5
115,29.14,5
116,29.14,5
117,28.92,5
118,28.92,5
119,28.92,5
120,28.92,5
121,28.92,5
122,28.68,5
123,28.62,5
124,28.62,5
125,28.62,5
126,28.62,5
127,28.62,5
128,28.62,5
129,28.62,5
130,28.62,5
131,28.62,5
132,28.58,5
133,28.58,5
134,28.58,5
135,28.58,5
136,28.58,5
137,28.58,5
138,28.58,5
139,28.58,5
140,28.58,5
141,28.58,5
142,28.58,5
143,28.58,5
144,28.58,5
145,28.58,5
146,17.34,5
147,17.19,5
148,17.19,5
149,17.06,5
150,17.06,5
151,17.06,5
152,17.06,5
153,17.06,5
154,17.06,5
155,17.06,5
156,0.00,5
157,0.00,5
158,0.00,5
159,0.00,5
160,0.00,5
161,0.00,5
162,0.00,5
163,0.00,5
164,0.00,5
165,0.00,5
166,0.00,5
167,0.00,5
168,0.00,5
169,0.00,5
170,0.00,5
171,0.00,5
172,0.00,5
173,0.00,5
174,0.00,5
175,0.00,5
176,0.00,5
177,0.00,5
178,0.00,5
179,0.00,5
180,0.00,5
181,0.00,5
182,0.00,5
183,0.00,5
184,0.00,5
185,0.00,5
186,0.00,5
187,0.00,5
188,0.00,5
189,0.00,5
190,0.00,5
191,0.00,5
192,0.00,5
193,0.00,5
194,0.00,5
195,0.00,5
196,0.00,5
197,0.00,5
198,0.00,5
199,0.00,5
200,0.00,5
201,0.00,5
202,0.00,5
203,0.00,5
204,0.00,5
205,0.00,5
206,0.00,5
207,0.00,5
208,0.00,5
209,0.00,5
210,0.00,5
211,0.00,5
212,0.00,5
213,0.00,5
214,0.00,5
215,0.00,5
216,0.00,5
217,0.00,5
218,0.00,5
219,0.00,5
220,0.00,5
221,0.00,5
222,0.00,5
223,0.00,5
224,0.00,5
225,0.00,5
226,0.00,5
227,0.00,5
228,0.00,5
229,0.00,5
230,0.00,5
231,0.00,5
232,0.00,5
233,0.00,5
234,0.00,5
235,0.00,5
236,0.00,5
237,0.00,5
238,0.00,5
239,0.00,5
240,0.00,5
241,0.00,5
242,0.00,5
243,0.00,5
244,0.00,5
245,0.00,5
246,0.00,5
247,0.00,5
248,0.00,5
249,0.00,5
250,0.00,5
251,0.00,5
252,0.00,5
253,0.00,5
254,0.00,5
255,0.00,5
256,0.00,5
257,0.00,5
258,0.00,5
259,0.00,5
260,0.00,5
261,0.00,5
262,0.00,5
263,0.00,5
264,0.00,5
265,0.00,5
266,0.00,5
267,0.00,5
268,0.00,5
269,0.00,5
270,0.00,5
271,0.00,5
272,0.00,5
273,0.00,5
274,0.00,5
275,0.00,5
276,0.00,5
277,0.00,5
278,0.00,5
279,0.00,5
280,0.00,5
281,0.00,5
282,0.00,5
283,0.00,5
284,0.00,5
285,0.00,5
286,0.00,5
287,0.00,5
288,0.00,5
289,0.00,5
290,0.00,5
291,0.00,5
292,0.00,5
293,0.00,5
294,0.00,5
295,0.00,5
296,0.00,5
297,0.00,5
298,0.00,5
299,0.00,5
300,0.00,5
301,0.00,5
302,0.00,5
303,0.00,5
304,0.00,5
305,0.00,5
306,0.00,5
307,0.00,5
308,0.00,5
309,0.00,5
310,0.00,5
311,0.00,5
312,0.00,5
313,0.00,5
314,0.00,5
315,0.00,5
316,0.00,5
317,0.00,5
318,0.00,5
319,0.00,5
320,0.00,5
321,0.00,5
322,0.00,5
323,0.00,5
324,0.00,5
325,0.00,5
326,0.00,5
327,0.00,5
328,0.00,5
329,0.00,5
330,0.00,5
331,0.00,5
332,0.00,5
333,0.00,5
334,0.00,5
335,0.00,5
336,0.00,5
337,0.00,5
338,0.00,5
339,0.00,5
340,0.00,5
341,0.00,5
342,0.00,5
343,0.00,5
344,0.00,5
345,0.00,5
346,0.00,5
347,0.00,5
348,0.00,5
349,0.00,5
350,0.00,5
351,0.00,5
352,0.00,5
353,0.00,5
354,0.00,5
355,0.00,5
356,0.00,5
357,0.00,5
358,0.00,5
359,0.00,5
360,0.00,5
361,0.00,5
362,0.00,5
363,0.00,5
364,0.00,5
365,0.00,5
366,0.00,5
367,0.00,5
368,0.00,5
369,0.00,5
370,0.00,5
371,0.00,5
372,0.00,5
373,0.00,5
374,0.00,5
375,0.00,5
376,0.00,5
377,0.00,5
378,0.00,5
379,0.00,5
380,0.00,5
381,0.00,5
382,0.00,5
383,0.00,5
384,0.00,5
385,0.00,5
386,0.00,5
387,0.00,5
388,0.00,5
389,0.00,5
390,0.00,5
391,0.00,5
392,0.00,5
393,0.00,5
394,0.00,5
395,0.00,5
396,0.00,5
397,0.00,5
398,0.00,5
399,0.00,5
400,0.00,5
401,0.00,5
402,0.00,5
403,0.00,5
404,0.00,5
405,0.00,5
406,0.00,5
407,0.00,5
408,0.00,5
409,0.00,5
410,0.00,5
411,0.00,5
412,0.00,5
413,0.00,5
414,0.00,5
415,0.00,5
416,0.00,5
417,0.00,5
418,0.00,5
419,0.00,5
420,0.00,5
421,0.00,5
422,0.00,5
423,0.00,5
424,0.00,5
425,0.00,5
426,0.00,5
427,0.00,5
428,0.00,5
429,0.00,5
430,0.00,5
431,0.00,5
432,0.00,5
433,0.00,5
434,0.00,5
435,0.00,5
436,0.00,5
437,0.00,5
438,0.00,5
439,0.00,5
440,0.00,5
441,0.00,5
442,0.00,5
443,0.00,5
444,0.00,5
445,0.00,5
446,0.00,5
447,0.00,5
448,0.00,5
449,0.00,5
450,0.00,5
451,0.00,5
452,0.00,5
453,0.00,5
454,0.00,5
455,0.00,5
456,0.00,5
457,0.00,5
458,0.00,5
459,0.00,5
460,0.00,5
461,0.00,5
462,0.00,5
463,0.00,5
464,0.00,5
465,0.00,5
466,0.00,5
467,0.00,5
468,0.00,5
469,0.00,5
470,0.00,5
471,0.00,5
472,0.00,5
473,0.00,5
474,0.00,5
475,0.00,5
476,0.00,5
477,0.00,5
478,0.00,5
479,0.00,5
480,0.00,5
481,0.00,5
482,0.00,5
483,0.00,5
484,0.00,5
485,0.00,5
486,0.00,5
487,0.00,5
488,0.00,5
489,0.00,5
490,0.00,5
491,0.00,5
492,0.00,5
493,0.00,5
494,0.00,5
495,0.00,5
496,0.00,5
497,0.00,5
498,0.00,5
499,0.00,5
500,0.00,5
501,0.00,5
502,0.00,5
503,0.00,5
504,0.00,5
505,0.00,5
506,0.00,5
507,0.00,5
508,0.00,5
509,0.00,5
510,0.00,5
511,0.00,5
512,0.00,5
513,0.00,5
514,0.00,5
515,0.00,5
516,0.00,5
517,0.00,5
518,0.00,5
519,0.00,5
520,0.00,5
521,0.00,5
522,0.00,5
523,0.00,5
524,0.00,5
525,0.00,5
526,0.00,5
527,0.00,5
528,0.00,5
529,0.00,5
530,0.00,5
531,0.00,5
532,0.00,5
533,0.00,5
534,0.00,5
535,0.00,5
536,0.00,5
537,0.00,5
538,0.00,5
539,0.00,5
540,0.00,5
541,0.00,5
542,0.00,5
543,0.00,5
544,0.00,5
545,0.00,5
546,0.00,5
547,0.00,5
548,0.00,5
549,0.00,5
550,0.00,5
551,0.00,5
552,0.00,5
553,0.00,5
554,0.00,5
555,0.00,5
556,0.00,5
557,0.00,5
558,0.00,5
559,0.00,5
560,0.00,5
561,0.00,5
562,0.00,5
563,0.00,5
564,0.00,5
565,0.00,5
566,0.00,5
567,0.00,5
568,0.00,5
569,0.00,5
570,0.00,5
571,0.00,5
572,0.00,5
573,0.00,5
574,0.00,5
575,0.00,5
576,0.00,5
577,0.00,5
578,0.00,5
579,0.00,5
580,0.00,5
581,0.00,5
582,0.00,5
583,0.00,5
584,0.00,5
585,0.00,5
586,0.00,5
587,0.00,5
588,0.00,5
589,0.00,5
590,0.00,5
591,0.00,5
592,0.00,5
593,0.00,5
594,0.00,5
595,0.00,5
596,0.00,5
597,0.00,5
598,0.00,5
599,0.00,5
600,0.00,5
601,0.00,5
602,0.00,5
603,0.00,5
604,0.00,5
605,0.00,5
606,0.00,5
607,0.00,5
608,0.00,5
609,0.00,5
610,0.00,5
611,0.00,5
612,0.00,5
613,0.00,5
614,0.00,5
615,0.00,5
616,0.00,5
617,0.00,5
618,0.00,5
619,0.00,5
620,0.00,5
621,0.00,5
622,0.00,5
623,0.00,5
624,0.00,5
625,0.00,5
626,0.00,5
627,0.00,5
628,0.00,5
629,0.00,5
630,0.00,5
631,0.00,5
632,0.00,5
633,0.00,5
634,0.00,5
635,0.00,5
636,0.00,5
637,0.00,5
638,0.00,5
639,0.00,5
640,0.00,5
641,0.00,5
642,0.00,5
643,0.00,5
644,0.00,5
645,0.00,5
646,0.00,5
647,0.00,5
648,0.00,5
649,0.00,5
650,0.00,5
651,0.00,5
652,0.00,5
653,0.00,5
654,0.00,5
655,0.00,5
656,0.00,5
657,0.00,5
658,0.00,5
659,0.00,5
660,0.00,5
661,0.00,5
662,0.00,5
663,0.00,5
664,0.00,5
665,0.00,5
666,0.00,5
667,0.00,5
668,0.00,5
669,0.00,5
670,0.00,5
671,0.00,5
672,0.00,5
673,0.00,5
674,0.00,5
675,0.00,5
676,0.00,5
677,0.00,5
678,0.00,5
679,0.00,5
680,0.00,5
681,0.00,5
682,0.00,5
683,0.00,5
684,0.00,5
685,0.00,5
686,0.00,5
687,0.00,5
688,0.00,5
689,0.00,5
690,0.00,5
691,0.00,5
692,0.00,5
693,0.00,5
694,0.00,5
695,0.00,5
696,0.00,5
697,0.00,5
698,0.00,5
699,0.00,5
700,0.00,5
701,0.00,5
702,0.00,5
703,0.00,5
704,0.00,5
705,0.00,5
706,0.00,5
707,0.00,5
708,0.00,5
709,0.00,5
710,0.00,5
711,0.00,5
712,0.00,5
713,0.00,5
714,0.00,5
715,0.00,5
716,0.00,5
717,0.00,5
718,0.00,5
719,0.00,5
720,0.00,5
721,0.00,5
722,0.00,5
723,0.00,5
724,0.00,5
725,0.00,5
726,0.00,5
727,0.00,5
728,0.00,5
729,0.00,5
730,0.00,5
731,0.00,5
732,0.00,5
733,0.00,5
734,0.00,5
735,0.00,5
736,0.00,5
737,0.00,5
738,0.00,5
739,0.00,5
740,0.00,5
741,0.00,5
742,0.00,5
743,0.00,5
744,0.00,5
745,0.00,5
746,0.00,5
747,0.00,5
748,0.00,5
749,0.00,5
750,0.00,5
751,0.00,5
752,0.00,5
753,0.00,5
754,0.00,5
755,0.00,5
756,0.00,5
757,0.00,5
758,0.00,5
759,0.00,5
760,0.00,5
761,0.00,5
762,0.00,5
763,0.00,5
764,0.00,5
765,0.00,5
766,0.00,5
767,0.00,5
768,0.00,5
769,0.00,5
770,0.00,5
771,0.00,5
772,0.00,5
773,0.00,5
774,0.00,5
775,0.00,5
776,0.00,5
777,0.00,5
778,0.00,5
779,0.00,5
780,0.00,5
781,0.00,5
782,0.00,5
783,0.00,5
784,0.00,5
785,0.00,5
786,0.00,5
787,0.00,5
788,0.00,5
789,0.00,5
790,0.00,5
791,0.00,5
792,0.00,5
793,0.00,5
794,0.00,5
795,0.00,5
796,0.00,5
797,0.00,5
798,0.00,5
799,0.00,5
800,0.00,5
801,0.00,5
802,0.00,5
803,0.00,5
804,0.00,5
805,0.00,5
806,0.00,5
807,0.00,5
808,0.00,5
809,0.00,5
810,0.00,5
811,0.00,5
812,0.00,5
813,0.00,5
814,0.00,5
815,0.00,5
816,0.00,5
817,0.00,5
818,0.00,5
819,0.00,5
820,0.00,5
821,0.00,5
822,0.00,5
823,0.00,5
824,0.00,5
825,0.00,5
826,0.00,5
827,0.00,5
828,0.00,5
829,0.00,5
830,0.00,5
831,0.00,5
832,0.00,5
833,0.00,5
834,0.00,5
835,0.00,5
836,0.00,5
837,0.00,5
838,0.00,5
839,0.00,5
840,0.00,5
841,0.00,5
842,0.00,5
843,0.00,5
844,0.00,5
845,0.00,5
846,0.00,5
847,0.00,5
848,0.00,5
849,0.00,5
850,0.00,5
851,0.00,5
852,0.00,5
853,0.00,5
854,0.00,5
855,0.00,5
856,0.00,5
857,0.00,5
858,0.00,5
859,0.00,5
860,0.00,5
861,0.00,5
862,0.00,5
863,0.00,5
864,0.00,5
865,0.00,5
866,0.00,5
867,0.00,5
868,0.00,5
869,0.00,5
870,0.00,5
871,0.00,5
872,0.00,5
873,0.00,5
874,0.00,5
875,0.00,5
876,0.00,5
877,0.00,5
878,0.00,5
879,0.00,5
880,0.00,5
881,0.00,5
882,0.00,5
883,0.00,5
884,0.00,5
885,0.00,5
886,0.00,5
887,0.00,5
888,0.00,5
889,0.00,5
890,0.00,5
891,0.00,5
892,0.00,5
893,0.00,5
894,0.00,5
895,0.00,5
896,0.00,5
897,0.00,5
898,0.00,5
899,0.00,5
900,0.00,5
901,0.00,5
902,0.00,5
903,0.00,5
904,0.00,5
905,0.00,5
906,0.00,5
907,0.00,5
908,0.00,5
909,0.00,5
910,0.00,5
911,0.00,5
912,0.00,5
913,0.00,5
914,0.00,5
915,0.00,5
916,0.00,5
917,0.00,5
918,0.00,5
919,0.00,5
920,0.00,5
921,0.00,5
922,0.00,5
923,0.00,5
924,0.00,5
925,0.00,5
926,0.00,5
927,0.00,5
928,0.00,5
929,0.00,5
930,0.00,5
931,0.00,5
932,0.00,5
933,0.00,5
934,0.00,5
935,0.00,5
936,0.00,5
937,0.00,5
938,0.00,5
939,0.00,5
940,0.00,5
941,0.00,5
942,0.00,5
943,0.00,5
944,0.00,5
945,0.00,5
946,0.00,5
947,0.00,5
948,0.00,5
949,0.00,5
950,0.00,5
951,0.00,5
952,0.00,5
953,0.00,5
954,0.00,5
955,0.00,5
956,0.00,5
957,0.00,5
958,0.00,5
959,0.00,5
960,0.00,5
961,0.00,5
962,0.00,5
963,0.00,5
964,0.00,5
965,0.00,5
966,0.00,5
967,0.00,5
968,0.00,5
969,0.00,5
970,0.00,5
971,0.00,5
972,0.00,5
973,0.00,5
974,0.00,5
975,0.00,5
976,0.00,5
977,0.00,5
978,0.00,5
979,0.00,5
980,0.00,5
981,0.00,5
982,0.00,5
983,0.00,5
984,0.00,5
985,0.00,5
986,0.00,5
987,0.00,5
988,0.00,5
989,0.00,5
990,0.00,5
991,0.00,5
992,0.00,5
993,0.00,5
994,0.00,5
995,0.00,5
996,0.00,5
997,0.00,5
998,0.00,5
999,0.00,5
1000,0.00,5
1,296.91,6
2,261.15,6
3,261.15,6
4,261.15,6
5,245.18,6
6,245.18,6
7,232.74,6
8,217.79,6
9,217.79,6
10,217.79,6
11,217.79,6
12,217.57,6
13,159.99,6
14,159.99,6
15,157.21,6
16,122.80,6
17,118.94,6
18,118.94,6
19,118.94,6
20,118.94,6
21,105.57,6
22,105.57,6
23,105.57,6
24,113.53,6
25,113.53,6
26,113.53,6
27,113.53,6
28,113.53,6
29,113.53,6
30,113.53,6
31,113.53,6
32,113.53,6
33,99.71,6
34,99.71,6
35,98.82,6
36,98.82,6
37,92.76,6
38,92.76,6
39,92.76,6
40,92.76,6
41,92.76,6
42,92.76,6
43,92.76,6
44,92.76,6
45,92.76,6
46,94.95,6
47,94.95,6
48,94.95,6
49,94.95,6
50,94.95,6
51,94.95,6
52,94.95,6
53,94.95,6
54,94.95,6
55,94.95,6
56,94.95,6
57,86.92,6
58,86.92,6
59,86.92,6
60,86.92,6
61,86.92,6
62,86.92,6
63,86.92,6
64,86.92,6
65,86.92,6
66,86.92,6
67,86.92,6
68,86.92,6
69,86.92,6
70,86.92,6
71,86.92,6
72,86.92,6
73,86.92,6
74,86.92,6
75,86.92,6
76,86.92,6
77,86.92,6
78,86.92,6
79,44.32,6
80,44.32,6
81,44.32,6
82,44.32,6
83,44.32,6
84,44.32,6
85,44.32,6
86,44.32,6
87,44.32,6
88,44.32,6
89,44.32,6
90,44.32,6
91,44.32,6
92,44.32,6
93,44.32,6
94,44.32,6
95,44.32,6
96,44.32,6
97,44.32,6
98,44.32,6
99,44.32,6
100,44.32,6
101,16.77,6
102,16.77,6
103,16.77,6
104,16.77,6
105,16.77,6
106,16.77,6
107,16.77,6
108,16.77,6
109,16.77,6
110,16.77,6
111,16.77,6
112,0.00,6
113,0.00,6
114,0.00,6
115,0.00,6
116,0.00,6
117,0.00,6
118,0.00,6
119,0.00,6
120,0.00,6
121,0.00,6
122,0.00,6
123,0.00,6
124,0.00,6
125,0.00,6
126,0.00,6
127,0.00,6
128,0.00,6
129,0.00,6
130,0.00,6
131,0.00,6
132,0.00,6
133,0.00,6
134,0.00,6
135,0.00,6
136,0.00,6
137,0.00,6
138,0.00,6
139,0.00,6
140,0.00,6
141,0.00,6
142,0.00,6
143,0.00,6
144,0.00,6
145,0.00,6
146,0.00,6
147,0.00,6
148,0.00,6
149,0.00,6
150,0.00,6
151,0.00,6
152,0.00,6
153,0.00,6
154,0.00,6
155,0.00,6
156,0.00,6
157,0.00,6
158,0.00,6
159,0.00,6
160,0.00,6
161,0.00,6
162,0.00,6
163,0.00,6
164,0.00,6
165,0.00,6
166,0.00,6
167,0.00,6
168,0.00,6
169,0.00,6
170,0.00,6
171,0.00,6
172,0.00,6
173,0.00,6
174,0.00,6
175,0.00,6
176,0.00,6
177,0.00,6
178,0.00,6
179,0.00,6
180,0.00,6
181,0.00,6
182,0.00,6
183,0.00,6
184,0.00,6
185,0.00,6
186,0.00,6
187,0.00,6
188,0.00,6
189,0.00,6
190,0.00,6
191,0.00,6
192,0.00,6
193,0.00,6
194,0.00,6
195,0.00,6
196,0.00,6
197,0.00,6
198,0.00,6
199,0.00,6
200,0.00,6
201,0.00,6
202,0.00,6
203,0.00,6
204,0.00,6
205,0.00,6
206,0.00,6
207,0.00,6
208,0.00,6
209,0.00,6
210,0.00,6
211,0.00,6
212,0.00,6
213,0.00,6
214,0.00,6
215,0.00,6
216,0.00,6
217,0.00,6
218,0.00,6
219,0.00,6
220,0.00,6
221,0.00,6
222,0.00,6
223,0.00,6
224,0.00,6
225,0.00,6
226,0.00,6
227,0.00,6
228,0.00,6
229,0.00,6
230,0.00,6
231,0.00,6
232,0.00,6
233,0.00,6
234,0.00,6
235,0.00,6
236,0.00,6
237,0.00,6
238,0.00,6
239,0.00,6
240,0.00,6
241,0.00,6
242,0.00,6
243,0.00,6
244,0.00,6
245,0.00,6
246,0.00,6
247,0.00,6
248,0.00,6
249,0.00,6
250,0.00,6
251,0.00,6
252,0.00,6
253,0.00,6
254,0.00,6
255,0.00,6
256,0.00,6
257,0.00,6
258,0.00,6
259,0.00,6
260,0.00,6
261,0.00,6
262,0.00,6
263,0.00,6
264,0.00,6
265,0.00,6
266,0.00,6
267,0.00,6
268,0.00,6
269,0.00,6
270,0.00,6
271,0.00,6
272,0.00,6
273,0.00,6
274,0.00,6
275,0.00,6
276,0.00,6
277,0.00,6
278,0.00,6
279,0.00,6
280,0.00,6
281,0.00,6
282,0.00,6
283,0.00,6
284,0.00,6
285,0.00,6
286,0.00,6
287,0.00,6
288,0.00,6
289,0.00,6
290,0.00,6
291,0.00,6
292,0.00,6
293,0.00,6
294,0.00,6
295,0.00,6
296,0.00,6
297,0.00,6
298,0.00,6
299,0.00,6
300,0.00,6
301,0.00,6
302,0.00,6
303,0.00,6
304,0.00,6
305,0.00,6
306,0.00,6
307,0.00,6
308,0.00,6
309,0.00,6
310,0.00,6
311,0.00,6
312,0.00,6
313,0.00,6
314,0.00,6
315,0.00,6
316,0.00,6
317,0.00,6
318,0.00,6
319,0.00,6
320,0.00,6
321,0.00,6
322,0.00,6
323,0.00,6
324,0.00,6
325,0.00,6
326,0.00,6
327,0.00,6
328,0.00,6
329,0.00,6
330,0.00,6
331,0.00,6
332,0.00,6
333,0.00,6
334,0.00,6
335,0.00,6
336,0.00,6
337,0.00,6
338,0.00,6
339,0.00,6
340,0.00,6
341,0.00,6
342,0.00,6
343,0.00,6
344,0.00,6
345,0.00,6
346,0.00,6
347,0.00,6
348,0.00,6
349,0.00,6
350,0.00,6
351,0.00,6
352,0.00,6
353,0.00,6
354,0.00,6
355,0.00,6
356,0.00,6
357,0.00,6
358,0.00,6
359,0.00,6
360,0.00,6
361,0.00,6
362,0.00,6
363,0.00,6
364,0.00,6
365,0.00,6
366,0.00,6
367,0.00,6
368,0.00,6
369,0.00,6
370,0.00,6
371,0.00,6
372,0.00,6
373,0.00,6
374,0.00,6
375,0.00,6
376,0.00,6
377,0.00,6
378,0.00,6
379,0.00,6
380,0.00,6
381,0.00,6
382,0.00,6
383,0.00,6
384,0.00,6
385,0.00,6
386,0.00,6
387,0.00,6
388,0.00,6
389,0.00,6
390,0.00,6
391,0.00,6
392,0.00,6
393,0.00,6
394,0.00,6
395,0.00,6
396,0.00,6
397,0.00,6
398,0.00,6
399,0.00,6
400,0.00,6
401,0.00,6
402,0.00,6
403,0.00,6
404,0.00,6
405,0.00,6
406,0.00,6
407,0.00,6
408,0.00,6
409,0.00,6
410,0.00,6
411,0.00,6
412,0.00,6
413,0.00,6
414,0.00,6
415,0.00,6
416,0.00,6
417,0.00,6
418,0.00,6
419,0.00,6
420,0.00,6
421,0.00,6
422,0.00,6
423,0.00,6
424,0.00,6
425,0.00,6
426,0.00,6
427,0.00,6
428,0.00,6
429,0.00,6
430,0.00,6
431,0.00,6
432,0.00,6
433,0.00,6
434,0.00,6
435,0.00,6
436,0.00,6
437,0.00,6
438,0.00,6
439,0.00,6
440,0.00,6
441,0.00,6
442,0.00,6
443,0.00,6
444,0.00,6
445,0.00,6
446,0.00,6
447,0.00,6
448,0.00,6
449,0.00,6
450,0.00,6
451,0.00,6
452,0.00,6
453,0.00,6
454,0.00,6
455,0.00,6
456,0.00,6
457,0.00,6
458,0.00,6
459,0.00,6
460,0.00,6
461,0.00,6
462,0.00,6
463,0.00,6
464,0.00,6
465,0.00,6
466,0.00,6
467,0.00,6
468,0.00,6
469,0.00,6
470,0.00,6
471,0.00,6
472,0.00,6
473,0.00,6
474,0.00,6
475,0.00,6
476,0.00,6
477,0.00,6
478,0.00,6
479,0.00,6
480,0.00,6
481,0.00,6
482,0.00,6
483,0.00,6
484,0.00,6
485,0.00,6
486,0.00,6
487,0.00,6
488,0.00,6
489,0.00,6
490,0.00,6
491,0.00,6
492,0.00,6
493,0.00,6
494,0.00,6
495,0.00,6
496,0.00,6
497,0.00,6
498,0.00,6
499,0.00,6
500,0.00,6
501,0.00,6
502,0.00,6
503,0.00,6
504,0.00,6
505,0.00,6
506,0.00,6
507,0.00,6
508,0.00,6
509,0.00,6
510,0.00,6
511,0.00,6
512,0.00,6
513,0.00,6
514,0.00,6
515,0.00,6
516,0.00,6
517,0.00,6
518,0.00,6
519,0.00,6
520,0.00,6
521,0.00,6
522,0.00,6
523,0.00,6
524,0.00,6
525,0.00,6
526,0.00,6
527,0.00,6
528,0.00,6
529,0.00,6
530,0.00,6
531,0.00,6
532,0.00,6
533,0.00,6
534,0.00,6
535,0.00,6
536,0.00,6
537,0.00,6
538,0.00,6
539,0.00,6
540,0.00,6
541,0.00,6
542,0.00,6
543,0.00,6
544,0.00,6
545,0.00,6
546,0.00,6
547,0.00,6
548,0.00,6
549,0.00,6
550,0.00,6
551,0.00,6
552,0.00,6
553,0.00,6
554,0.00,6
555,0.00,6
556,0.00,6
557,0.00,6
558,0.00,6
559,0.00,6
560,0.00,6
561,0.00,6
562,0.00,6
563,0.00,6
564,0.00,6
565,0.00,6
566,0.00,6
567,0.00,6
568,0.00,6
569,0.00,6
570,0.00,6
571,0.00,6
572,0.00,6
573,0.00,6
574,0.00,6
575,0.00,6
576,0.00,6
577,0.00,6
578,0.00,6
579,0.00,6
580,0.00,6
581,0.00,6
582,0.00,6
583,0.00,6
584,0.00,6
585,0.00,6
586,0.00,6
587,0.00,6
588,0.00,6
589,0.00,6
590,0.00,6
591,0.00,6
592,0.00,6
593,0.00,6
594,0.00,6
595,0.00,6
596,0.00,6
597,0.00,6
598,0.00,6
599,0.00,6
600,0.00,6
601,0.00,6
602,0.00,6
603,0.00,6
604,0.00,6
605,0.00,6
606,0.00,6
607,0.00,6
608,0.00,6
609,0.00,6
610,0.00,6
611,0.00,6
612,0.00,6
613,0.00,6
614,0.00,6
615,0.00,6
616,0.00,6
617,0.00,6
618,0.00,6
619,0.00,6
620,0.00,6
621,0.00,6
622,0.00,6
623,0.00,6
624,0.00,6
625,0.00,6
626,0.00,6
627,0.00,6
628,0.00,6
629,0.00,6
630,0.00,6
631,0.00,6
632,0.00,6
633,0.00,6
634,0.00,6
635,0.00,6
636,0.00,6
637,0.00,6
638,0.00,6
639,0.00,6
640,0.00,6
641,0.00,6
642,0.00,6
643,0.00,6
644,0.00,6
645,0.00,6
646,0.00,6
647,0.00,6
648,0.00,6
649,0.00,6
650,0.00,6
651,0.00,6
652,0.00,6
653,0.00,6
654,0.00,6
655,0.00,6
656,0.00,6
657,0.00,6
658,0.00,6
659,0.00,6
660,0.00,6
661,0.00,6
662,0.00,6
663,0.00,6
664,0.00,6
665,0.00,6
666,0.00,6
667,0.00,6
668,0.00,6
669,0.00,6
670,0.00,6
671,0.00,6
672,0.00,6
673,0.00,6
674,0.00,6
675,0.00,6
676,0.00,6
677,0.00,6
678,0.00,6
679,0.00,6
680,0.00,6
681,0.00,6
682,0.00,6
683,0.00,6
684,0.00,6
685,0.00,6
686,0.00,6
687,0.00,6
688,0.00,6
689,0.00,6
690,0.00,6
691,0.00,6
692,0.00,6
693,0.00,6
694,0.00,6
695,0.00,6
696,0.00,6
697,0.00,6
698,0.00,6
699,0.00,6
700,0.00,6
701,0.00,6
702,0.00,6
703,0.00,6
704,0.00,6
705,0.00,6
706,0.00,6
707,0.00,6
708,0.00,6
709,0.00,6
710,0.00,6
711,0.00,6
712,0.00,6
713,0.00,6
714,0.00,6
715,0.00,6
716,0.00,6
717,0.00,6
718,0.00,6
719,0.00,6
720,0.00,6
721,0.00,6
722,0.00,6
723,0.00,6
724,0.00,6
725,0.00,6
726,0.00,6
727,0.00,6
728,0.00,6
729,0.00,6
730,0.00,6
731,0.00,6
732,0.00,6
733,0.00,6
734,0.00,6
735,0.00,6
736,0.00,6
737,0.00,6
738,0.00,6
739,0.00,6
740,0.00,6
741,0.00,6
742,0.00,6
743,0.00,6
744,0.00,6
745,0.00,6
746,0.00,6
747,0.00,6
748,0.00,6
749,0.00,6
750,0.00,6
751,0.00,6
752,0.00,6
753,0.00,6
754,0.00,6
755,0.00,6
756,0.00,6
757,0.00,6
758,0.00,6
759,0.00,6
760,0.00,6
761,0.00,6
762,0.00,6
763,0.00,6
764,0.00,6
765,0.00,6
766,0.00,6
767,0.00,6
768,0.00,6
769,0.00,6
770,0.00,6
771,0.00,6
772,0.00,6
773,0.00,6
774,0.00,6
775,0.00,6
776,0.00,6
777,0.00,6
778,0.00,6
779,0.00,6
780,0.00,6
781,0.00,6
782,0.00,6
783,0.00,6
784,0.00,6
785,0.00,6
786,0.00,6
787,0.00,6
788,0.00,6
789,0.00,6
790,0.00,6
791,0.00,6
792,0.00,6
793,0.00,6
794,0.00,6
795,0.00,6
796,0.00,6
797,0.00,6
798,0.00,6
799,0.00,6
800,0.00,6
801,0.00,6
802,0.00,6
803,0.00,6
804,0.00,6
805,0.00,6
806,0.00,6
807,0.00,6
808,0.00,6
809,0.00,6
810,0.00,6
811,0.00,6
812,0.00,6
813,0.00,6
814,0.00,6
815,0.00,6
816,0.00,6
817,0.00,6
818,0.00,6
819,0.00,6
820,0.00,6
821,0.00,6
822,0.00,6
823,0.00,6
824,0.00,6
825,0.00,6
826,0.00,6
827,0.00,6
828,0.00,6
829,0.00,6
830,0.00,6
831,0.00,6
832,0.00,6
833,0.00,6
834,0.00,6
835,0.00,6
836,0.00,6
837,0.00,6
838,0.00,6
839,0.00,6
840,0.00,6
841,0.00,6
842,0.00,6
843,0.00,6
844,0.00,6
845,0.00,6
846,0.00,6
847,0.00,6
848,0.00,6
849,0.00,6
850,0.00,6
851,0.00,6
852,0.00,6
853,0.00,6
854,0.00,6
855,0.00,6
856,0.00,6
857,0.00,6
858,0.00,6
859,0.00,6
860,0.00,6
861,0.00,6
862,0.00,6
863,0.00,6
864,0.00,6
865,0.00,6
866,0.00,6
867,0.00,6
868,0.00,6
869,0.00,6
870,0.00,6
871,0.00,6
872,0.00,6
873,0.00,6
874,0.00,6
875,0.00,6
876,0.00,6
877,0.00,6
878,0.00,6
879,0.00,6
880,0.00,6
881,0.00,6
882,0.00,6
883,0.00,6
884,0.00,6
885,0.00,6
886,0.00,6
887,0.00,6
888,0.00,6
889,0.00,6
890,0.00,6
891,0.00,6
892,0.00,6
893,0.00,6
894,0.00,6
895,0.00,6
896,0.00,6
897,0.00,6
898,0.00,6
899,0.00,6
900,0.00,6
901,0.00,6
902,0.00,6
903,0.00,6
904,0.00,6
905,0.00,6
906,0.00,6
907,0.00,6
908,0.00,6
909,0.00,6
910,0.00,6
911,0.00,6
912,0.00,6
913,0.00,6
914,0.00,6
915,0.00,6
916,0.00,6
917,0.00,6
918,0.00,6
919,0.00,6
920,0.00,6
921,0.00,6
922,0.00,6
923,0.00,6
924,0.00,6
925,0.00,6
926,0.00,6
927,0.00,6
928,0.00,6
929,0.00,6
930,0.00,6
931,0.00,6
932,0.00,6
933,0.00,6
934,0.00,6
935,0.00,6
936,0.00,6
937,0.00,6
938,0.00,6
939,0.00,6
940,0.00,6
941,0.00,6
942,0.00,6
943,0.00,6
944,0.00,6
945,0.00,6
946,0.00,6
947,0.00,6
948,0.00,6
949,0.00,6
950,0.00,6
951,0.00,6
952,0.00,6
953,0.00,6
954,0.00,6
955,0.00,6
956,0.00,6
957,0.00,6
958,0.00,6
959,0.00,6
960,0.00,6
961,0.00,6
962,0.00,6
963,0.00,6
964,0.00,6
965,0.00,6
966,0.00,6
967,0.00,6
968,0.00,6
969,0.00,6
970,0.00,6
971,0.00,6
972,0.00,6
973,0.00,6
974,0.00,6
975,0.00,6
976,0.00,6
977,0.00,6
978,0.00,6
979,0.00,6
980,0.00,6
981,0.00,6
982,0.00,6
983,0.00,6
984,0.00,6
985,0.00,6
986,0.00,6
987,0.00,6
988,0.00,6
989,0.00,6
990,0.00,6
991,0.00,6
992,0.00,6
993,0.00,6
994,0.00,6
995,0.00,6
996,0.00,6
997,0.00,6
998,0.00,6
999,0.00,6
1000,0.00,6
1,291.50,7
2,237.15,7
3,237.15,7
4,232.80,7
5,232.80,7
6,221.56,7
7,204.64,7
8,201.61,7
9,201.61,7
10,201.61,7
11,197.05,7
12,197.05,7
13,162.79,7
14,153.01,7
15,153.01,7
16,147.44,7
17,138.14,7
18,133.65,7
19,133.65,7
20,133.65,7
21,130.33,7
22,120.13,7
23,120.13,7
24,91.00,7
25,91.00,7
26,91.00,7
27,91.00,7
28,91.00,7
29,80.23,7
30,80.23,7
31,80.23,7
32,80.23,7
33,80.23,7
34,80.23,7
35,78.00,7
36,78.00,7
37,78.00,7
38,78.00,7
39,78.00,7
40,78.00,7
41,78.00,7
42,78.00,7
43,78.00,7
44,78.00,7
45,78.00,7
46,68.93,7
47,68.93,7
48,68.93,7
49,68.93,7
50,68.93,7
51,68.93,7
52,68.93,7
53,68.93,7
54,68.93,7
55,68.93,7
56,68.93,7
57,62.27,7
58,62.27,7
59,62.27,7
60,62.27,7
61,62.27,7
62,62.27,7
63,62.27,7
64,62.27,7
65,62.27,7
66,62.27,7
67,62.27,7
68,62.27,7
69,62.27,7
70,62.27,7
71,62.27,7
72,62.27,7
73,62.27,7
74,62.27,7
75,62.27,7
76,62.27,7
77,62.27,7
78,62.27,7
79,29.02,7
80,29.02,7
81,29.02,7
82,29.02,7
83,29.02,7
84,29.02,7
85,29.02,7
86,29.02,7
87,29.02,7
88,29.02,7
89,29.02,7
90,27.80,7
91,27.80,7
92,27.80,7
93,27.80,7
94,27.80,7
95,27.80,7
96,27.80,7
97,27.80,7
98,27.80,7
99,27.80,7
100,27.80,7
101,0.00,7
102,0.00,7
103,0.00,7
104,0.00,7
105,0.00,7
106,0.00,7
107,0.00,7
108,0.00,7
109,0.00,7
110,0.00,7
111,0.00,7
112,0.00,7
113,0.00,7
114,0.00,7
115,0.00,7
116,0.00,7
117,0.00,7
118,0.00,7
119,0.00,7
120,0.00,7
121,0.00,7
122,0.00,7
123,0.00,7
124,0.00,7
125,0.00,7
126,0.00,7
127,0.00,7
128,0.00,7
129,0.00,7
130,0.00,7
131,0.00,7
132,0.00,7
133,0.00,7
134,0.00,7
135,0.00,7
136,0.00,7
137,0.00,7
138,0.00,7
139,0.00,7
140,0.00,7
141,0.00,7
142,0.00,7
143,0.00,7
144,0.00,7
145,0.00,7
146,0.00,7
147,0.00,7
148,0.00,7
149,0.00,7
150,0.00,7
151,0.00,7
152,0.00,7
153,0.00,7
154,0.00,7
155,0.00,7
156,0.00,7
157,0.00,7
158,0.00,7
159,0.00,7
160,0.00,7
161,0.00,7
162,0.00,7
163,0.00,7
164,0.00,7
165,0.00,7
166,0.00,7
167,0.00,7
168,0.00,7
169,0.00,7
170,0.00,7
171,0.00,7
172,0.00,7
173,0.00,7
174,0.00,7
175,0.00,7
176,0.00,7
177,0.00,7
178,0.00,7
179,0.00,7
180,0.00,7
181,0.00,7
182,0.00,7
183,0.00,7
184,0.00,7
185,0.00,7
186,0.00,7
187,0.00,7
188,0.00,7
189,0.00,7
190,0.00,7
191,0.00,7
192,0.00,7
193,0.00,7
194,0.00,7
195,0.00,7
196,0.00,7
197,0.00,7
198,0.00,7
199,0.00,7
200,0.00,7
201,0.00,7
202,0.00,7
203,0.00,7
204,0.00,7
205,0.00,7
206,0.00,7
207,0.00,7
208,0.00,7
209,0.00,7
210,0.00,7
211,0.00,7
212,0.00,7
213,0.00,7
214,0.00,7
215,0.00,7
216,0.00,7
217,0.00,7
218,0.00,7
219,0.00,7
220,0.00,7
221,0.00,7
222,0.00,7
223,0.00,7
224,0.00,7
225,0.00,7
226,0.00,7
227,0.00,7
228,0.00,7
229,0.00,7
230,0.00,7
231,0.00,7
232,0.00,7
233,0.00,7
234,0.00,7
235,0.00,7
236,0.00,7
237,0.00,7
238,0.00,7
239,0.00,7
240,0.00,7
241,0.00,7
242,0.00,7
243,0.00,7
244,0.00,7
245,0.00,7
246,0.00,7
247,0.00,7
248,0.00,7
249,0.00,7
250,0.00,7
251,0.00,7
252,0.00,7
253,0.00,7
254,0.00,7
255,0.00,7
256,0.00,7
257,0.00,7
258,0.00,7
259,0.00,7
260,0.00,7
261,0.00,7
262,0.00,7
263,0.00,7
264,0.00,7
265,0.00,7
266,0.00,7
267,0.00,7
268,0.00,7
269,0.00,7
270,0.00,7
271,0.00,7
272,0.00,7
273,0.00,7
274,0.00,7
275,0.00,7
276,0.00,7
277,0.00,7
278,0.00,7
279,0.00,7
280,0.00,7
281,0.00,7
282,0.00,7
283,0.00,7
284,0.00,7
285,0.00,7
286,0.00,7
287,0.00,7
288,0.00,7
289,0.00,7
290,0.00,7
291,0.00,7
292,0.00,7
293,0.00,7
294,0.00,7
295,0.00,7
296,0.00,7
297,0.00,7
298,0.00,7
299,0.00,7
300,0.00,7
301,0.00,7
302,0.00,7
303,0.00,7
304,0.00,7
305,0.00,7
306,0.00,7
307,0.00,7
308,0.00,7
309,0.00,7
310,0.00,7
311,0.00,7
312,0.00,7
313,0.00,7
314,0.00,7
315,0.00,7
316,0.00,7
317,0.00,7
318,0.00,7
319,0.00,7
320,0.00,7
321,0.00,7
322,0.00,7
323,0.00,7
324,0.00,7
325,0.00,7
326,0.00,7
327,0.00,7
328,0.00,7
329,0.00,7
330,0.00,7
331,0.00,7
332,0.00,7
333,0.00,7
334,0.00,7
335,0.00,7
336,0.00,7
337,0.00,7
338,0.00,7
339,0.00,7
340,0.00,7
341,0.00,7
342,0.00,7
343,0.00,7
344,0.00,7
345,0.00,7
346,0.00,7
347,0.00,7
348,0.00,7
349,0.00,7
350,0.00,7
351,0.00,7
352,0.00,7
353,0.00,7
354,0.00,7
355,0.00,7
356,0.00,7
357,0.00,7
358,0.00,7
359,0.00,7
360,0.00,7
361,0.00,7
362,0.00,7
363,0.00,7
364,0.00,7
365,0.00,7
366,0.00,7
367,0.00,7
368,0.00,7
369,0.00,7
370,0.00,7
371,0.00,7
372,0.00,7
373,0.00,7
374,0.00,7
375,0.00,7
376,0.00,7
377,0.00,7
378,0.00,7
379,0.00,7
380,0.00,7
381,0.00,7
382,0.00,7
383,0.00,7
384,0.00,7
385,0.00,7
386,0.00,7
387,0.00,7
388,0.00,7
389,0.00,7
390,0.00,7
391,0.00,7
392,0.00,7
393,0.00,7
394,0.00,7
395,0.00,7
396,0.00,7
397,0.00,7
398,0.00,7
399,0.00,7
400,0.00,7
401,0.00,7
402,0.00,7
403,0.00,7
404,0.00,7
405,0.00,7
406,0.00,7
407,0.00,7
408,0.00,7
409,0.00,7
410,0.00,7
411,0.00,7
412,0.00,7
413,0.00,7
414,0.00,7
415,0.00,7
416,0.00,7
417,0.00,7
418,0.00,7
419,0.00,7
420,0.00,7
421,0.00,7
422,0.00,7
423,0.00,7
424,0.00,7
425,0.00,7
426,0.00,7
427,0.00,7
428,0.00,7
429,0.00,7
430,0.00,7
431,0.00,7
432,0.00,7
433,0.00,7
434,0.00,7
435,0.00,7
436,0.00,7
437,0.00,7
438,0.00,7
439,0.00,7
440,0.00,7
441,0.00,7
442,0.00,7
443,0.00,7
444,0.00,7
445,0.00,7
446,0.00,7
447,0.00,7
448,0.00,7
449,0.00,7
450,0.00,7
451,0.00,7
452,0.00,7
453,0.00,7
454,0.00,7
455,0.00,7
456,0.00,7
457,0.00,7
458,0.00,7
459,0.00,7
460,0.00,7
461,0.00,7
462,0.00,7
463,0.00,7
464,0.00,7
465,0.00,7
466,0.00,7
467,0.00,7
468,0.00,7
469,0.00,7
470,0.00,7
471,0.00,7
472,0.00,7
473,0.00,7
474,0.00,7
475,0.00,7
476,0.00,7
477,0.00,7
478,0.00,7
479,0.00,7
480,0.00,7
481,0.00,7
482,0.00,7
483,0.00,7
484,0.00,7
485,0.00,7
486,0.00,7
487,0.00,7
488,0.00,7
489,0.00,7
490,0.00,7
491,0.00,7
492,0.00,7
493,0.00,7
494,0.00,7
495,0.00,7
496,0.00,7
497,0.00,7
498,0.00,7
499,0.00,7
500,0.00,7
501,0.00,7
502,0.00,7
503,0.00,7
504,0.00,7
505,0.00,7
506,0.00,7
507,0.00,7
508,0.00,7
509,0.00,7
510,0.00,7
511,0.00,7
512,0.00,7
513,0.00,7
514,0.00,7
515,0.00,7
516,0.00,7
517,0.00,7
518,0.00,7
519,0.00,7
520,0.00,7
521,0.00,7
522,0.00,7
523,0.00,7
524,0.00,7
525,0.00,7
526,0.00,7
527,0.00,7
528,0.00,7
529,0.00,7
530,0.00,7
531,0.00,7
532,0.00,7
533,0.00,7
534,0.00,7
535,0.00,7
536,0.00,7
537,0.00,7
538,0.00,7
539,0.00,7
540,0.00,7
541,0.00,7
542,0.00,7
543,0.00,7
544,0.00,7
545,0.00,7
546,0.00,7
547,0.00,7
548,0.00,7
549,0.00,7
550,0.00,7
551,0.00,7
552,0.00,7
553,0.00,7
554,0.00,7
555,0.00,7
556,0.00,7
557,0.00,7
558,0.00,7
559,0.00,7
560,0.00,7
561,0.00,7
562,0.00,7
563,0.00,7
564,0.00,7
565,0.00,7
566,0.00,7
567,0.00,7
568,0.00,7
569,0.00,7
570,0.00,7
571,0.00,7
572,0.00,7
573,0.00,7
574,0.00,7
575,0.00,7
576,0.00,7
577,0.00,7
578,0.00,7
579,0.00,7
580,0.00,7
581,0.00,7
582,0.00,7
583,0.00,7
584,0.00,7
585,0.00,7
586,0.00,7
587,0.00,7
588,0.00,7
589,0.00,7
590,0.00,7
591,0.00,7
592,0.00,7
593,0.00,7
594,0.00,7
595,0.00,7
596,0.00,7
597,0.00,7
598,0.00,7
599,0.00,7
600,0.00,7
601,0.00,7
602,0.00,7
603,0.00,7
604,0.00,7
605,0.00,7
606,0.00,7
607,0.00,7
608,0.00,7
609,0.00,7
610,0.00,7
611,0.00,7
612,0.00,7
613,0.00,7
614,0.00,7
615,0.00,7
616,0.00,7
617,0.00,7
618,0.00,7
619,0.00,7
620,0.00,7
621,0.00,7
622,0.00,7
623,0.00,7
624,0.00,7
625,0.00,7
626,0.00,7
627,0.00,7
628,0.00,7
629,0.00,7
630,0.00,7
631,0.00,7
632,0.00,7
633,0.00,7
634,0.00,7
635,0.00,7
636,0.00,7
637,0.00,7
638,0.00,7
639,0.00,7
640,0.00,7
641,0.00,7
642,0.00,7
643,0.00,7
644,0.00,7
645,0.00,7
646,0.00,7
647,0.00,7
648,0.00,7
649,0.00,7
650,0.00,7
651,0.00,7
652,0.00,7
653,0.00,7
654,0.00,7
655,0.00,7
656,0.00,7
657,0.00,7
658,0.00,7
659,0.00,7
660,0.00,7
661,0.00,7
662,0.00,7
663,0.00,7
664,0.00,7
665,0.00,7
666,0.00,7
667,0.00,7
668,0.00,7
669,0.00,7
670,0.00,7
671,0.00,7
672,0.00,7
673,0.00,7
674,0.00,7
675,0.00,7
676,0.00,7
677,0.00,7
678,0.00,7
679,0.00,7
680,0.00,7
681,0.00,7
682,0.00,7
683,0.00,7
684,0.00,7
685,0.00,7
686,0.00,7
687,0.00,7
688,0.00,7
689,0.00,7
690,0.00,7
691,0.00,7
692,0.00,7
693,0.00,7
694,0.00,7
695,0.00,7
696,0.00,7
697,0.00,7
698,0.00,7
699,0.00,7
700,0.00,7
701,0.00,7
702,0.00,7
703,0.00,7
704,0.00,7
705,0.00,7
706,0.00,7
707,0.00,7
708,0.00,7
709,0.00,7
710,0.00,7
711,0.00,7
712,0.00,7
713,0.00,7
714,0.00,7
715,0.00,7
716,0.00,7
717,0.00,7
718,0.00,7
719,0.00,7
720,0.00,7
721,0.00,7
722,0.00,7
723,0.00,7
724,0.00,7
725,0.00,7
726,0.00,7
727,0.00,7
728,0.00,7
729,0.00,7
730,0.00,7
731,0.00,7
732,0.00,7
733,0.00,7
734,0.00,7
735,0.00,7
736,0.00,7
737,0.00,7
738,0.00,7
739,0.00,7
740,0.00,7
741,0.00,7
742,0.00,7
743,0.00,7
744,0.00,7
745,0.00,7
746,0.00,7
747,0.00,7
748,0.00,7
749,0.00,7
750,0.00,7
751,0.00,7
752,0.00,7
753,0.00,7
754,0.00,7
755,0.00,7
756,0.00,7
757,0.00,7
758,0.00,7
759,0.00,7
760,0.00,7
761,0.00,7
762,0.00,7
763,0.00,7
764,0.00,7
765,0.00,7
766,0.00,7
767,0.00,7
768,0.00,7
769,0.00,7
770,0.00,7
771,0.00,7
772,0.00,7
773,0.00,7
774,0.00,7
775,0.00,7
776,0.00,7
777,0.00,7
778,0.00,7
779,0.00,7
780,0.00,7
781,0.00,7
782,0.00,7
783,0.00,7
784,0.00,7
785,0.00,7
786,0.00,7
787,0.00,7
788,0.00,7
789,0.00,7
790,0.00,7
791,0.00,7
792,0.00,7
793,0.00,7
794,0.00,7
795,0.00,7
796,0.00,7
797,0.00,7
798,0.00,7
799,0.00,7
800,0.00,7
801,0.00,7
802,0.00,7
803,0.00,7
804,0.00,7
805,0.00,7
806,0.00,7
807,0.00,7
808,0.00,7
809,0.00,7
810,0.00,7
811,0.00,7
812,0.00,7
813,0.00,7
814,0.00,7
815,0.00,7
816,0.00,7
817,0.00,7
818,0.00,7
819,0.00,7
820,0.00,7
821,0.00,7
822,0.00,7
823,0.00,7
824,0.00,7
825,0.00,7
826,0.00,7
827,0.00,7
828,0.00,7
829,0.00,7
830,0.00,7
831,0.00,7
832,0.00,7
833,0.00,7
834,0.00,7
835,0.00,7
836,0.00,7
837,0.00,7
838,0.00,7
839,0.00,7
840,0.00,7
841,0.00,7
842,0.00,7
843,0.00,7
844,0.00,7
845,0.00,7
846,0.00,7
847,0.00,7
848,0.00,7
849,0.00,7
850,0.00,7
851,0.00,7
852,0.00,7
853,0.00,7
854,0.00,7
855,0.00,7
856,0.00,7
857,0.00,7
858,0.00,7
859,0.00,7
860,0.00,7
861,0.00,7
862,0.00,7
863,0.00,7
864,0.00,7
865,0.00,7
866,0.00,7
867,0.00,7
868,0.00,7
869,0.00,7
870,0.00,7
871,0.00,7
872,0.00,7
873,0.00,7
874,0.00,7
875,0.00,7
876,0.00,7
877,0.00,7
878,0.00,7
879,0.00,7
880,0.00,7
881,0.00,7
882,0.00,7
883,0.00,7
884,0.00,7
885,0.00,7
886,0.00,7
887,0.00,7
888,0.00,7
889,0.00,7
890,0.00,7
891,0.00,7
892,0.00,7
893,0.00,7
894,0.00,7
895,0.00,7
896,0.00,7
897,0.00,7
898,0.00,7
899,0.00,7
900,0.00,7
901,0.00,7
902,0.00,7
903,0.00,7
904,0.00,7
905,0.00,7
906,0.00,7
907,0.00,7
908,0.00,7
909,0.00,7
910,0.00,7
911,0.00,7
912,0.00,7
913,0.00,7
914,0.00,7
915,0.00,7
916,0.00,7
917,0.00,7
918,0.00,7
919,0.00,7
920,0.00,7
921,0.00,7
922,0.00,7
923,0.00,7
924,0.00,7
925,0.00,7
926,0.00,7
927,0.00,7
928,0.00,7
929,0.00,7
930,0.00,7
931,0.00,7
932,0.00,7
933,0.00,7
934,0.00,7
935,0.00,7
936,0.00,7
937,0.00,7
938,0.00,7
939,0.00,7
940,0.00,7
941,0.00,7
942,0.00,7
943,0.00,7
944,0.00,7
945,0.00,7
946,0.00,7
947,0.00,7
948,0.00,7
949,0.00,7
950,0.00,7
951,0.00,7
952,0.00,7
953,0.00,7
954,0.00,7
955,0.00,7
956,0.00,7
957,0.00,7
958,0.00,7
959,0.00,7
960,0.00,7
961,0.00,7
962,0.00,7
963,0.00,7
964,0.00,7
965,0.00,7
966,0.00,7
967,0.00,7
968,0.00,7
969,0.00,7
970,0.00,7
971,0.00,7
972,0.00,7
973,0.00,7
974,0.00,7
975,0.00,7
976,0.00,7
977,0.00,7
978,0.00,7
979,0.00,7
980,0.00,7
981,0.00,7
982,0.00,7
983,0.00,7
984,0.00,7
985,0.00,7
986,0.00,7
987,0.00,7
988,0.00,7
989,0.00,7
990,0.00,7
991,0.00,7
992,0.00,7
993,0.00,7
994,0.00,7
995,0.00,7
996,0.00,7
997,0.00,7
998,0.00,7
999,0.00,7
1000,0.00,7
1,315.11,8
2,236.69,8
3,213.80,8
4,210.83,8
5,209.63,8
6,207.93,8
7,207.93,8
8,202.53,8
9,200.35,8
10,194.48,8
11,169.39,8
12,169.39,8
13,158.61,8
14,151.18,8
15,120.66,8
16,120.66,8
17,120.66,8
18,115.05,8
19,115.05,8
20,115.05,8
21,115.05,8
22,115.05,8
23,115.05,8
24,114.23,8
25,114.23,8
26,114.23,8
27,114.23,8
28,114.23,8
29,114.23,8
30,114.23,8
31,114.23,8
32,110.46,8
33,110.46,8
34,110.46,8
35,75.85,8
36,75.85,8
37,75.85,8
38,75.85,8
39,75.85,8
40,75.85,8
41,75.85,8
42,75.85,8
43,75.85,8
44,75.85,8
45,75.85,8
46,71.72,8
47,71.72,8
48,71.09,8
49,71.09,8
50,71.09,8
51,71.09,8
52,71.09,8
53,71.09,8
54,71.09,8
55,71.09,8
56,71.09,8
57,69.69,8
58,69.06,8
59,69.06,8
60,69.06,8
61,68.76,8
62,68.76,8
63,68.76,8
64,63.38,8
65,63.38,8
66,63.38,8
67,63.38,8
68,63.47,8
69,63.47,8
70,63.47,8
71,63.47,8
72,63.47,8
73,63.47,8
74,62.52,8
75,62.52,8
76,62.52,8
77,62.52,8
78,62.52,8
79,60.69,8
80,60.69,8
81,60.69,8
82,60.69,8
83,60.69,8
84,60.69,8
85,60.69,8
86,60.69,8
87,60.69,8
88,60.69,8
89,59.73,8
90,58.70,8
91,58.70,8
92,58.70,8
93,58.70,8
94,58.70,8
95,58.70,8
96,58.70,8
97,58.70,8
98,58.70,8
99,58.70,8
100,58.70,8
101,58.52,8
102,58.52,8
103,58.52,8
104,58.52,8
105,58.52,8
106,58.52,8
107,58.52,8
108,58.52,8
109,58.52,8
110,58.52,8
111,58.52,8
112,58.52,8
113,58.52,8
114,58.52,8
115,58.52,8
116,58.52,8
117,58.52,8
118,58.52,8
119,58.52,8
120,58.52,8
121,58.52,8
122,58.52,8
123,19.56,8
124,19.56,8
125,19.56,8
126,19.56,8
127,19.56,8
128,19.56,8
129,19.56,8
130,19.56,8
131,14.67,8
132,14.67,8
133,14.67,8
134,0.00,8
135,0.00,8
136,0.00,8
137,0.00,8
138,0.00,8
139,0.00,8
140,0.00,8
141,0.00,8
142,0.00,8
143,0.00,8
144,0.00,8
145,0.00,8
146,0.00,8
147,0.00,8
148,0.00,8
149,0.00,8
150,0.00,8
151,0.00,8
152,0.00,8
153,0.00,8
154,0.00,8
155,0.00,8
156,0.00,8
157,0.00,8
158,0.00,8
159,0.00,8
160,0.00,8
161,0.00,8
162,0.00,8
163,0.00,8
164,0.00,8
165,0.00,8
166,0.00,8
167,0.00,8
168,0.00,8
169,0.00,8
170,0.00,8
171,0.00,8
172,0.00,8
173,0.00,8
174,0.00,8
175,0.00,8
176,0.00,8
177,0.00,8
178,0.00,8
179,0.00,8
180,0.00,8
181,0.00,8
182,0.00,8
183,0.00,8
184,0.00,8
185,0.00,8
186,0.00,8
187,0.00,8
188,0.00,8
189,0.00,8
190,0.00,8
191,0.00,8
192,0.00,8
193,0.00,8
194,0.00,8
195,0.00,8
196,0.00,8
197,0.00,8
198,0.00,8
199,0.00,8
200,0.00,8
201,0.00,8
202,0.00,8
203,0.00,8
204,0.00,8
205,0.00,8
206,0.00,8
207,0.00,8
208,0.00,8
209,0.00,8
210,0.00,8
211,0.00,8
212,0.00,8
213,0.00,8
214,0.00,8
215,0.00,8
216,0.00,8
217,0.00,8
218,0.00,8
219,0.00,8
220,0.00,8
221,0.00,8
222,0.00,8
223,0.00,8
224,0.00,8
225,0.00,8
226,0.00,8
227,0.00,8
228,0.00,8
229,0.00,8
230,0.00,8
231,0.00,8
232,0.00,8
233,0.00,8
234,0.00,8
235,0.00,8
236,0.00,8
237,0.00,8
238,0.00,8
239,0.00,8
240,0.00,8
241,0.00,8
242,0.00,8
243,0.00,8
244,0.00,8
245,0.00,8
246,0.00,8
247,0.00,8
248,0.00,8
249,0.00,8
250,0.00,8
251,0.00,8
252,0.00,8
253,0.00,8
254,0.00,8
255,0.00,8
256,0.00,8
257,0.00,8
258,0.00,8
259,0.00,8
260,0.00,8
261,0.00,8
262,0.00,8
263,0.00,8
264,0.00,8
265,0.00,8
266,0.00,8
267,0.00,8
268,0.00,8
269,0.00,8
270,0.00,8
271,0.00,8
272,0.00,8
273,0.00,8
274,0.00,8
275,0.00,8
276,0.00,8
277,0.00,8
278,0.00,8
279,0.00,8
280,0.00,8
281,0.00,8
282,0.00,8
283,0.00,8
284,0.00,8
285,0.00,8
286,0.00,8
287,0.00,8
288,0.00,8
289,0.00,8
290,0.00,8
291,0.00,8
292,0.00,8
293,0.00,8
294,0.00,8
295,0.00,8
296,0.00,8
297,0.00,8
298,0.00,8
299,0.00,8
300,0.00,8
301,0.00,8
302,0.00,8
303,0.00,8
304,0.00,8
305,0.00,8
306,0.00,8
307,0.00,8
308,0.00,8
309,0.00,8
310,0.00,8
311,0.00,8
312,0.00,8
313,0.00,8
314,0.00,8
315,0.00,8
316,0.00,8
317,0.00,8
318,0.00,8
319,0.00,8
320,0.00,8
321,0.00,8
322,0.00,8
323,0.00,8
324,0.00,8
325,0.00,8
326,0.00,8
327,0.00,8
328,0.00,8
329,0.00,8
330,0.00,8
331,0.00,8
332,0.00,8
333,0.00,8
334,0.00,8
335,0.00,8
336,0.00,8
337,0.00,8
338,0.00,8
339,0.00,8
340,0.00,8
341,0.00,8
342,0.00,8
343,0.00,8
344,0.00,8
345,0.00,8
346,0.00,8
347,0.00,8
348,0.00,8
349,0.00,8
350,0.00,8
351,0.00,8
352,0.00,8
353,0.00,8
354,0.00,8
355,0.00,8
356,0.00,8
357,0.00,8
358,0.00,8
359,0.00,8
360,0.00,8
361,0.00,8
362,0.00,8
363,0.00,8
364,0.00,8
365,0.00,8
366,0.00,8
367,0.00,8
368,0.00,8
369,0.00,8
370,0.00,8
371,0.00,8
372,0.00,8
373,0.00,8
374,0.00,8
375,0.00,8
376,0.00,8
377,0.00,8
378,0.00,8
379,0.00,8
380,0.00,8
381,0.00,8
382,0.00,8
383,0.00,8
384,0.00,8
385,0.00,8
386,0.00,8
387,0.00,8
388,0.00,8
389,0.00,8
390,0.00,8
391,0.00,8
392,0.00,8
393,0.00,8
394,0.00,8
395,0.00,8
396,0.00,8
397,0.00,8
398,0.00,8
399,0.00,8
400,0.00,8
401,0.00,8
402,0.00,8
403,0.00,8
404,0.00,8
405,0.00,8
406,0.00,8
407,0.00,8
408,0.00,8
409,0.00,8
410,0.00,8
411,0.00,8
412,0.00,8
413,0.00,8
414,0.00,8
415,0.00,8
416,0.00,8
417,0.00,8
418,0.00,8
419,0.00,8
420,0.00,8
421,0.00,8
422,0.00,8
423,0.00,8
424,0.00,8
425,0.00,8
426,0.00,8
427,0.00,8
428,0.00,8
429,0.00,8
430,0.00,8
431,0.00,8
432,0.00,8
433,0.00,8
434,0.00,8
435,0.00,8
436,0.00,8
437,0.00,8
438,0.00,8
439,0.00,8
440,0.00,8
441,0.00,8
442,0.00,8
443,0.00,8
444,0.00,8
445,0.00,8
446,0.00,8
447,0.00,8
448,0.00,8
449,0.00,8
450,0.00,8
451,0.00,8
452,0.00,8
453,0.00,8
454,0.00,8
455,0.00,8
456,0.00,8
457,0.00,8
458,0.00,8
459,0.00,8
460,0.00,8
461,0.00,8
462,0.00,8
463,0.00,8
464,0.00,8
465,0.00,8
466,0.00,8
467,0.00,8
468,0.00,8
469,0.00,8
470,0.00,8
471,0.00,8
472,0.00,8
473,0.00,8
474,0.00,8
475,0.00,8
476,0.00,8
477,0.00,8
478,0.00,8
479,0.00,8
480,0.00,8
481,0.00,8
482,0.00,8
483,0.00,8
484,0.00,8
485,0.00,8
486,0.00,8
487,0.00,8
488,0.00,8
489,0.00,8
490,0.00,8
491,0.00,8
492,0.00,8
493,0.00,8
494,0.00,8
495,0.00,8
496,0.00,8
497,0.00,8
498,0.00,8
499,0.00,8
500,0.00,8
501,0.00,8
502,0.00,8
503,0.00,8
504,0.00,8
505,0.00,8
506,0.00,8
507,0.00,8
508,0.00,8
509,0.00,8
510,0.00,8
511,0.00,8
512,0.00,8
513,0.00,8
514,0.00,8
515,0.00,8
516,0.00,8
517,0.00,8
518,0.00,8
519,0.00,8
520,0.00,8
521,0.00,8
522,0.00,8
523,0.00,8
524,0.00,8
525,0.00,8
526,0.00,8
527,0.00,8
528,0.00,8
529,0.00,8
530,0.00,8
531,0.00,8
532,0.00,8
533,0.00,8
534,0.00,8
535,0.00,8
536,0.00,8
537,0.00,8
538,0.00,8
539,0.00,8
540,0.00,8
541,0.00,8
542,0.00,8
543,0.00,8
544,0.00,8
545,0.00,8
546,0.00,8
547,0.00,8
548,0.00,8
549,0.00,8
550,0.00,8
551,0.00,8
552,0.00,8
553,0.00,8
554,0.00,8
555,0.00,8
556,0.00,8
557,0.00,8
558,0.00,8
559,0.00,8
560,0.00,8
561,0.00,8
562,0.00,8
563,0.00,8
564,0.00,8
565,0.00,8
566,0.00,8
567,0.00,8
568,0.00,8
569,0.00,8
570,0.00,8
571,0.00,8
572,0.00,8
573,0.00,8
574,0.00,8
575,0.00,8
576,0.00,8
577,0.00,8
578,0.00,8
579,0.00,8
580,0.00,8
581,0.00,8
582,0.00,8
583,0.00,8
584,0.00,8
585,0.00,8
586,0.00,8
587,0.00,8
588,0.00,8
589,0.00,8
590,0.00,8
591,0.00,8
592,0.00,8
593,0.00,8
594,0.00,8
595,0.00,8
596,0.00,8
597,0.00,8
598,0.00,8
599,0.00,8
600,0.00,8
601,0.00,8
602,0.00,8
603,0.00,8
604,0.00,8
605,0.00,8
606,0.00,8
607,0.00,8
608,0.00,8
609,0.00,8
610,0.00,8
611,0.00,8
612,0.00,8
613,0.00,8
614,0.00,8
615,0.00,8
616,0.00,8
617,0.00,8
618,0.00,8
619,0.00,8
620,0.00,8
621,0.00,8
622,0.00,8
623,0.00,8
624,0.00,8
625,0.00,8
626,0.00,8
627,0.00,8
628,0.00,8
629,0.00,8
630,0.00,8
631,0.00,8
632,0.00,8
633,0.00,8
634,0.00,8
635,0.00,8
636,0.00,8
637,0.00,8
638,0.00,8
639,0.00,8
640,0.00,8
641,0.00,8
642,0.00,8
643,0.00,8
644,0.00,8
645,0.00,8
646,0.00,8
647,0.00,8
648,0.00,8
649,0.00,8
650,0.00,8
651,0.00,8
652,0.00,8
653,0.00,8
654,0.00,8
655,0.00,8
656,0.00,8
657,0.00,8
658,0.00,8
659,0.00,8
660,0.00,8
661,0.00,8
662,0.00,8
663,0.00,8
664,0.00,8
665,0.00,8
666,0.00,8
667,0.00,8
668,0.00,8
669,0.00,8
670,0.00,8
671,0.00,8
672,0.00,8
673,0.00,8
674,0.00,8
675,0.00,8
676,0.00,8
677,0.00,8
678,0.00,8
679,0.00,8
680,0.00,8
681,0.00,8
682,0.00,8
683,0.00,8
684,0.00,8
685,0.00,8
686,0.00,8
687,0.00,8
688,0.00,8
689,0.00,8
690,0.00,8
691,0.00,8
692,0.00,8
693,0.00,8
694,0.00,8
695,0.00,8
696,0.00,8
697,0.00,8
698,0.00,8
699,0.00,8
700,0.00,8
701,0.00,8
702,0.00,8
703,0.00,8
704,0.00,8
705,0.00,8
706,0.00,8
707,0.00,8
708,0.00,8
709,0.00,8
710,0.00,8
711,0.00,8
712,0.00,8
713,0.00,8
714,0.00,8
715,0.00,8
716,0.00,8
717,0.00,8
718,0.00,8
719,0.00,8
720,0.00,8
721,0.00,8
722,0.00,8
723,0.00,8
724,0.00,8
725,0.00,8
726,0.00,8
727,0.00,8
728,0.00,8
729,0.00,8
730,0.00,8
731,0.00,8
732,0.00,8
733,0.00,8
734,0.00,8
735,0.00,8
736,0.00,8
737,0.00,8
738,0.00,8
739,0.00,8
740,0.00,8
741,0.00,8
742,0.00,8
743,0.00,8
744,0.00,8
745,0.00,8
746,0.00,8
747,0.00,8
748,0.00,8
749,0.00,8
750,0.00,8
751,0.00,8
752,0.00,8
753,0.00,8
754,0.00,8
755,0.00,8
756,0.00,8
757,0.00,8
758,0.00,8
759,0.00,8
760,0.00,8
761,0.00,8
762,0.00,8
763,0.00,8
764,0.00,8
765,0.00,8
766,0.00,8
767,0.00,8
768,0.00,8
769,0.00,8
770,0.00,8
771,0.00,8
772,0.00,8
773,0.00,8
774,0.00,8
775,0.00,8
776,0.00,8
777,0.00,8
778,0.00,8
779,0.00,8
780,0.00,8
781,0.00,8
782,0.00,8
783,0.00,8
784,0.00,8
785,0.00,8
786,0.00,8
787,0.00,8
788,0.00,8
789,0.00,8
790,0.00,8
791,0.00,8
792,0.00,8
793,0.00,8
794,0.00,8
795,0.00,8
796,0.00,8
797,0.00,8
798,0.00,8
799,0.00,8
800,0.00,8
801,0.00,8
802,0.00,8
803,0.00,8
804,0.00,8
805,0.00,8
806,0.00,8
807,0.00,8
808,0.00,8
809,0.00,8
810,0.00,8
811,0.00,8
812,0.00,8
813,0.00,8
814,0.00,8
815,0.00,8
816,0.00,8
817,0.00,8
818,0.00,8
819,0.00,8
820,0.00,8
821,0.00,8
822,0.00,8
823,0.00,8
824,0.00,8
825,0.00,8
826,0.00,8
827,0.00,8
828,0.00,8
829,0.00,8
830,0.00,8
831,0.00,8
832,0.00,8
833,0.00,8
834,0.00,8
835,0.00,8
836,0.00,8
837,0.00,8
838,0.00,8
839,0.00,8
840,0.00,8
841,0.00,8
842,0.00,8
843,0.00,8
844,0.00,8
845,0.00,8
846,0.00,8
847,0.00,8
848,0.00,8
849,0.00,8
850,0.00,8
851,0.00,8
852,0.00,8
853,0.00,8
854,0.00,8
855,0.00,8
856,0.00,8
857,0.00,8
858,0.00,8
859,0.00,8
860,0.00,8
861,0.00,8
862,0.00,8
863,0.00,8
864,0.00,8
865,0.00,8
866,0.00,8
867,0.00,8
868,0.00,8
869,0.00,8
870,0.00,8
871,0.00,8
872,0.00,8
873,0.00,8
874,0.00,8
875,0.00,8
876,0.00,8
877,0.00,8
878,0.00,8
879,0.00,8
880,0.00,8
881,0.00,8
882,0.00,8
883,0.00,8
884,0.00,8
885,0.00,8
886,0.00,8
887,0.00,8
888,0.00,8
889,0.00,8
890,0.00,8
891,0.00,8
892,0.00,8
893,0.00,8
894,0.00,8
895,0.00,8
896,0.00,8
897,0.00,8
898,0.00,8
899,0.00,8
900,0.00,8
901,0.00,8
902,0.00,8
903,0.00,8
904,0.00,8
905,0.00,8
906,0.00,8
907,0.00,8
908,0.00,8
909,0.00,8
910,0.00,8
911,0.00,8
912,0.00,8
913,0.00,8
914,0.00,8
915,0.00,8
916,0.00,8
917,0.00,8
918,0.00,8
919,0.00,8
920,0.00,8
921,0.00,8
922,0.00,8
923,0.00,8
924,0.00,8
925,0.00,8
926,0.00,8
927,0.00,8
928,0.00,8
929,0.00,8
930,0.00,8
931,0.00,8
932,0.00,8
933,0.00,8
934,0.00,8
935,0.00,8
936,0.00,8
937,0.00,8
938,0.00,8
939,0.00,8
940,0.00,8
941,0.00,8
942,0.00,8
943,0.00,8
944,0.00,8
945,0.00,8
946,0.00,8
947,0.00,8
948,0.00,8
949,0.00,8
950,0.00,8
951,0.00,8
952,0.00,8
953,0.00,8
954,0.00,8
955,0.00,8
956,0.00,8
957,0.00,8
958,0.00,8
959,0.00,8
960,0.00,8
961,0.00,8
962,0.00,8
963,0.00,8
964,0.00,8
965,0.00,8
966,0.00,8
967,0.00,8
968,0.00,8
969,0.00,8
970,0.00,8
971,0.00,8
972,0.00,8
973,0.00,8
974,0.00,8
975,0.00,8
976,0.00,8
977,0.00,8
978,0.00,8
979,0.00,8
980,0.00,8
981,0.00,8
982,0.00,8
983,0.00,8
984,0.00,8
985,0.00,8
986,0.00,8
987,0.00,8
988,0.00,8
989,0.00,8
990,0.00,8
991,0.00,8
992,0.00,8
993,0.00,8
994,0.00,8
995,0.00,8
996,0.00,8
997,0.00,8
998,0.00,8
999,0.00,8
1000,0.00,8
