Gen,ring0
0,58.832686280
1,31.300756055
2,33.498209338
3,34.441322559
4,9.792717340
5,24.502722672
6,5.557263698
7,5.557263698
8,9.311297120
9,9.311297120
10,3.955439012
11,3.268212275
12,3.063786310
13,2.676306450
14,1.957185481
15,2.174690185
16,1.870333870
17,1.238901250
18,1.957185481
19,1.957185481
20,1.454422049
21,0.863663391
22,0.863663391
23,0.863663391
24,0.648142591
25,0.648142591
26,0.855624503
27,0.648142591
28,0.648142591
29,0.619130783
30,0.619130783
31,0.619130783
32,0.492481983
33,0.492481983
34,0.619130783
35,0.521493792
36,0.617722679
37,0.492481983
38,0.492481983
39,0.492481983
40,0.492481983
41,0.489619049
42,0.492481983
43,0.491561366
44,0.491561366
45,0.489118711
46,0.489619049
47,0.488229554
48,0.480054757
49,0.480054757
50,0.491561366
51,0.480054757
52,0.478112440
53,0.478112440
54,0.470403174
55,0.470384037
56,0.468672334
57,0.470384037
58,0.467521103
59,0.468672334
60,0.469463420
61,0.462266201
62,0.457645325
63,0.464189291
64,0.455703008
65,0.461753606
66,0.455703008
67,0.453955262
68,0.454537799
69,0.454896439
70,0.452595482
71,0.449194267
72,0.452595482
73,0.449194267
74,0.452012945
75,0.444375038
76,0.444375038
77,0.452012945
78,0.444375038
79,0.444375038
80,0.444375038
81,0.443834122
82,0.442630890
83,0.440808428
84,0.437811661
85,0.435113068
86,0.437237818
87,0.437811661
88,0.433068728
89,0.433068728
90,0.430553534
91,0.436617082
92,0.433068728
93,0.425186979
94,0.427607662
95,0.423378804
96,0.431166600
97,0.427501000
98,0.422758067
99,0.422758067
100,0.414876318
101,0.422758067
102,0.422758067
103,0.415492270
104,0.418681921
105,0.418587575
106,0.408582474
107,0.403577373
108,0.403577373
109,0.411125647
110,0.403577373
111,0.402375123
112,0.403218272
113,0.402400043
114,0.396106199
115,0.396106199
116,0.406568288
117,0.403577373
118,0.396106199
119,0.396106199
120,0.396106199
121,0.396106199
122,0.395432198
123,0.396106199
124,0.396106199
125,0.391368750
126,0.393890650
127,0.390694749
128,0.389210023
129,0.391368750
130,0.388479200
131,0.389210023
132,0.390694749
133,0.386994474
134,0.386994474
135,0.382456146
136,0.380159601
137,0.380159601
138,0.377100507
139,0.377053623
140,0.379212350
141,0.376194779
142,0.373257283
143,0.375959465
144,0.376934691
145,0.373291237
146,0.373291237
147,0.373257283
148,0.373291237
149,0.370947666
150,0.372330934
151,0.368963078
152,0.367678118
153,0.367678118
154,0.368929124
155,0.367678118
156,0.359891865
157,0.359857911
158,0.362050592
159,0.357907277
160,0.356129479
161,0.350920961
162,0.352075681
163,0.355323311
164,0.352075681
165,0.349237763
166,0.347287130
167,0.347287130
168,0.346825428
169,0.347253176
170,0.347287130
171,0.344840840
172,0.347253176
173,0.346825428
174,0.343782363
175,0.344068627
176,0.344840840
177,0.344068627
178,0.340569073
179,0.340569073
180,0.336138196
181,0.336138196
182,0.338122783
183,0.336138196
184,0.335365982
185,0.328266295
186,0.325462331
187,0.325381776
188,0.324652021
189,0.323477830
190,0.324652021
191,0.324609563
192,0.319557754
193,0.324195031
194,0.317930841
195,0.314986255
196,0.314986255
197,0.315126877
198,0.307546892
199,0.314133487
200,0.307546892
201,0.312148986
202,0.312370162
203,0.305341214
204,0.305421769
205,0.304649555
206,0.304611459
207,0.304569000
208,0.304491311
209,0.297708026
210,0.303303510
211,0.297708026
212,0.301223207
213,0.297788581
214,0.295663492
215,0.295663492
216,0.294322353
217,0.294322353
218,0.284449722
219,0.287029150
220,0.286256937
221,0.285656711
222,0.286176382
223,0.283930052
224,0.283930052
225,0.284449722
226,0.278673850
227,0.276346964
228,0.276346964
229,0.275290629
230,0.275290629
231,0.276346964
232,0.275290629
233,0.275290629
234,0.273925930
235,0.275290629
236,0.270330729
237,0.274250648
238,0.271974133
239,0.265319564
240,0.266359545
241,0.263743558
242,0.263098116
243,0.263743558
244,0.264263868
245,0.260209857
246,0.262058135
247,0.264263868
248,0.263098116
249,0.262598426
250,0.255496759
251,0.254977088
252,0.253665405
253,0.253291666
254,0.255566130
255,0.257397484
256,0.253811336
257,0.252771356
258,0.246087679
259,0.252589060
260,0.246087679
261,0.244402256
262,0.245429346
263,0.243699650
264,0.245949656
265,0.243699650
266,0.242014227
267,0.238636252
268,0.236539936
269,0.238060909
270,0.236539936
271,0.235264972
272,0.235785282
273,0.233579549
274,0.235264972
275,0.234854514
276,0.234483507
277,0.233542831
278,0.233542831
279,0.232798084
280,0.231910862
281,0.232798084
282,0.232798084
283,0.230899319
284,0.227377127
285,0.226838422
286,0.226875141
287,0.226875141
288,0.226838422
289,0.224696897
290,0.226838422
291,0.223374461
292,0.223411180
293,0.221196218
294,0.218866705
295,0.221852280
296,0.223374461
297,0.218866705
298,0.218866705
299,0.218719564
300,0.218866705
301,0.216360836
302,0.213159415
303,0.213709821
304,0.213709821
305,0.213159415
306,0.213709821
307,0.209025709
308,0.210736383
309,0.209025709
310,0.209025709
311,0.209062428
312,0.209025709
313,0.209025709
314,0.207203111
315,0.207203111
316,0.206179933
317,0.204424271
318,0.206052271
319,0.206052271
320,0.202002771
321,0.200852684
322,0.199521314
323,0.201450832
324,0.196251245
325,0.196251245
326,0.196251245
327,0.197114348
328,0.192881660
329,0.196251245
330,0.191787098
331,0.191787098
332,0.191787098
333,0.189599230
334,0.189439872
335,0.190636258
336,0.189439872
337,0.188448390
338,0.189613081
339,0.188448390
340,0.188138027
341,0.188448390
342,0.186987187
343,0.188138027
344,0.185964009
345,0.183057777
346,0.182066295
347,0.181938633
348,0.181906937
349,0.181613221
350,0.178431074
351,0.177925975
352,0.178431074
353,0.177925975
354,0.177752766
355,0.179076815
356,0.171139159
357,0.170634060
358,0.174788231
359,0.171139159
360,0.166046954
361,0.168382004
362,0.169265807
363,0.168382004
364,0.166046954
365,0.166046954
366,0.163195101
367,0.165541855
368,0.162000436
369,0.168382004
370,0.162154889
371,0.161981681
372,0.160281536
373,0.160744969
374,0.161748337
375,0.160066661
376,0.160108328
377,0.154012754
378,0.160966089
379,0.154012754
380,0.154974456
381,0.153839546
382,0.153034254
383,0.153839546
384,0.150703196
385,0.150376069
386,0.150202860
387,0.149061623
388,0.150376069
389,0.151313679
390,0.147938353
391,0.147433253
392,0.145424938
393,0.145294217
394,0.146524478
395,0.144611289
396,0.144999148
397,0.140169878
398,0.141269418
399,0.140343086
400,0.140169878
401,0.138024171
402,0.139364586
403,0.134758616
404,0.138714716
405,0.137909425
406,0.134758616
407,0.134118176
408,0.133015474
409,0.134118176
410,0.130746665
411,0.131920948
412,0.130645038
413,0.129079424
414,0.129079424
415,0.127574157
416,0.126743751
417,0.128214597
418,0.126469831
419,0.124711375
420,0.126743751
421,0.124546523
422,0.123054888
423,0.126743751
424,0.120198107
425,0.126198976
426,0.121707821
427,0.120362959
428,0.119446089
429,0.117965924
430,0.117978635
431,0.115651435
432,0.119281238
433,0.115816287
434,0.113483823
435,0.113483823
436,0.113483823
437,0.113056331
438,0.113483823
439,0.113471112
440,0.115651435
441,0.112463316
442,0.113056331
443,0.110767962
444,0.111378945
445,0.111543797
446,0.111378945
447,0.110951453
448,0.111378945
449,0.110969420
450,0.109169770
451,0.109169770
452,0.109133019
453,0.108258224
454,0.108891196
455,0.107812094
456,0.108021860
457,0.108558788
458,0.107089602
459,0.105571120
460,0.104047797
461,0.106958550
462,0.103436814
463,0.105236464
464,0.102547379
465,0.101359405
466,0.099559756
467,0.099326482
468,0.100748423
469,0.095593351
470,0.095693527
471,0.097437708
472,0.095693527
473,0.093415948
474,0.093415948
475,0.093415948
476,0.093949443
477,0.095826624
478,0.093949443
479,0.093137474
480,0.092742564
481,0.091561018
482,0.089009838
483,0.088569095
484,0.088513582
485,0.088138051
486,0.088293779
487,0.087973200
488,0.087973200
489,0.087973200
490,0.084046638
491,0.083435655
492,0.084046638
493,0.083435655
494,0.083147238
495,0.083260613
496,0.083040811
497,0.082868764
498,0.083040811
499,0.081646828
500,0.081001680
501,0.079432821
502,0.079695384
503,0.080768777
504,0.077754382
505,0.079275529
506,0.079432821
507,0.079320191
508,0.075986750
509,0.075614086
510,0.075986750
511,0.076705941
512,0.074132669
513,0.074470661
514,0.074411143
515,0.074132669
516,0.073665903
517,0.071984414
518,0.074424244
519,0.071119463
520,0.073219450
521,0.071085014
522,0.069941589
523,0.069764439
524,0.069813698
525,0.069941589
526,0.069557288
527,0.069941589
528,0.069681596
529,0.065622618
530,0.067704637
531,0.063340258
532,0.066639665
533,0.065622618
534,0.063446084
535,0.063446084
536,0.063459185
537,0.061257187
538,0.062162384
539,0.061257187
540,0.061257187
541,0.061257187
542,0.063446084
543,0.061257187
544,0.060251960
545,0.061257187
546,0.061166438
547,0.059931404
548,0.061257187
549,0.059931404
550,0.059931404
551,0.055947182
552,0.056363565
553,0.057613389
554,0.055797020
555,0.056513726
556,0.055947182
557,0.052261302
558,0.055947182
559,0.052303384
560,0.052303384
561,0.052261302
562,0.052153223
563,0.052153223
564,0.052153223
565,0.052303384
566,0.049739372
567,0.052111140
568,0.048131774
569,0.048834877
570,0.049889534
571,0.048131774
572,0.048131774
573,0.048080850
574,0.048131774
575,0.046630528
576,0.045014758
577,0.045917959
578,0.048131774
579,0.048080850
580,0.048131774
581,0.043066955
582,0.042900013
583,0.042230470
584,0.043729623
585,0.042916793
586,0.042851618
587,0.042652129
588,0.042057202
589,0.041832399
590,0.041807819
591,0.041919233
592,0.041807819
593,0.041902453
594,0.040656531
595,0.041199404
596,0.041807819
597,0.041988887
598,0.040169636
599,0.037799333
600,0.037799333
601,0.037799333
602,0.037799333
603,0.037970862
604,0.037652865
605,0.036210065
606,0.036010304
607,0.037746059
608,0.036290859
609,0.035113419
610,0.035037004
611,0.036210065
612,0.035183472
613,0.035037004
614,0.035056629
615,0.034858362
616,0.034651564
617,0.031174486
618,0.034875527
619,0.034934055
620,0.031932622
621,0.031989412
622,0.031174486
623,0.030692196
624,0.031098072
625,0.030481856
626,0.029857638
627,0.031098072
628,0.029666930
629,0.029857646
630,0.028021363
631,0.029877271
632,0.029245471
633,0.029666930
634,0.029245471
635,0.029736984
636,0.029405412
637,0.029405412
638,0.028164987
639,0.028990414
640,0.028021363
641,0.026728510
642,0.026169013
643,0.026148418
644,0.026148418
645,0.026128794
646,0.026148418
647,0.024361367
648,0.026148418
649,0.024361367
650,0.023177013
651,0.023145721
652,0.023644273
653,0.023783281
654,0.023783281
655,0.023145721
656,0.023548216
657,0.023166315
658,0.023145721
659,0.023126096
660,0.022714228
661,0.022657438
662,0.023021597
663,0.022080676
664,0.023098398
665,0.020455654
666,0.021434427
667,0.020224325
668,0.020173408
669,0.020377746
670,0.020455654
671,0.019224831
672,0.020122689
673,0.019937976
674,0.019635303
675,0.019214301
676,0.017836810
677,0.017816216
678,0.018149181
679,0.019204237
680,0.017978721
681,0.017816216
682,0.017816216
683,0.017893402
684,0.017816216
685,0.017304725
686,0.017835840
687,0.017304725
688,0.017645755
689,0.017645755
690,0.017205969
691,0.016933433
692,0.016372026
693,0.016903140
694,0.016221190
695,0.016903140
696,0.015289662
697,0.014527423
698,0.014547047
699,0.014603837
700,0.014802104
701,0.014356963
702,0.014612019
703,0.014376587
704,0.014356963
705,0.014376587
706,0.014356963
707,0.014376587
708,0.013176512
709,0.014356963
710,0.012994024
711,0.013164485
712,0.012976938
713,0.011303162
714,0.012816550
715,0.011303162
716,0.011303162
717,0.011303162
718,0.011303162
719,0.011095991
720,0.011095991
721,0.011283529
722,0.010898771
723,0.011076366
724,0.010898771
725,0.010374910
726,0.010691600
727,0.010197436
728,0.009970519
729,0.010374910
730,0.009970519
731,0.009950895
732,0.008179943
733,0.008874805
734,0.009248472
735,0.008797392
736,0.008173349
737,0.008102440
738,0.008173349
739,0.009081976
740,0.008153725
741,0.008153725
742,0.008115892
743,0.008102440
744,0.007022813
745,0.007612736
746,0.007552524
747,0.007770587
748,0.006093755
749,0.006441715
750,0.006441715
751,0.006441715
752,0.006113380
753,0.006093755
754,0.005500812
755,0.005440599
756,0.005500812
757,0.005342188
758,0.005336090
759,0.005336090
760,0.005500812
761,0.005243564
762,0.005209779
763,0.005269992
764,0.005243564
765,0.005177466
766,0.005243564
767,0.005132921
768,0.004770858
769,0.005209779
770,0.004036894
771,0.004536132
772,0.003763402
773,0.003743778
774,0.004036894
775,0.003630286
776,0.003311645
777,0.003553428
778,0.003304856
779,0.002204476
780,0.003167177
781,0.003597973
782,0.002551786
783,0.002474957
784,0.002519473
785,0.002204476
786,0.002145178
787,0.002204476
788,0.002042796
789,0.001856680
790,0.002034484
791,0.001989939
792,0.002034484
793,0.002033764
794,0.001350148
795,0.001520141
796,0.001350148
797,0.001350148
798,0.001349353
799,0.001151591
800,0.001331128
801,0.000881035
802,0.000952662
803,0.001038511
804,0.000855510
805,0.000838738
806,0.000794193
807,0.000792286
808,0.000900055
809,0.000740859
810,0.000373540
811,0.000214344
812,0.000792286
813,0.000345348
814,0.000328996
815,0.000328996
816,0.000214344
817,0.000188820
818,0.000188820
819,0.000188820
820,0.000194179
821,0.000178757
822,0.000195617
823,0.000178370
824,0.000178370
825,0.000029916
826,0.000029916
827,0.000102588
828,0.000029916
829,0.000029840
830,0.000029840
831,0.000019467
832,0.000019467
833,0.000019467
834,0.000019391
835,0.000019391
836,0.000019391
837,0.000017262
838,0.000017908
839,0.000017908
840,0.000017823
841,0.000017186
842,0.000017186
843,0.000017168
844,0.000017168
845,0.000010182
846,0.000010107
847,0.000017168
848,0.000008539
849,0.000010107
850,0.000007902
851,0.000004332
852,0.000004332
853,0.000007902
854,0.000001387
855,0.000001387
856,0.000001387
857,0.000002127
858,0.000001387
859,0.000001387
860,0.000001387
861,0.000001387
862,0.000001387
863,0.000001387
864,0.000001387
865,0.000001371
866,0.000001371
867,0.000001371
868,0.000001387
869,0.000001371
870,0.000001371
871,0.000001371
872,0.000001371
873,0.000001371
874,0.000001015
875,0.000001371
876,0.000001371
877,0.000001371
878,0.000001015
879,0.000000997
880,0.000000999
881,0.000000981
882,0.000001015
883,0.000000997
884,0.000000999
885,0.000000981
886,0.000000696
887,0.000000696
888,0.000000678
889,0.000000696
890,0.000000678
891,0.000000678
892,0.000000678
893,0.000000678
894,0.000000678
895,0.000000678
896,0.000000678
897,0.000000678
898,0.000000678
899,0.000000678
900,0.000000678
901,0.000000678
902,0.000000678
903,0.000000678
904,0.000000448
905,0.000000431
906,0.000000678
907,0.000000431
908,0.000000431
909,0.000000431
910,0.000000431
911,0.000000431
912,0.000000431
913,0.000000169
914,0.000000169
915,0.000000169
916,0.000000431
917,0.000000169
918,0.000000169
919,0.000000169
920,0.000000169
921,0.000000169
922,0.000000169
923,0.000000165
924,0.000000165
925,0.000000165
926,0.000000165
927,0.000000165
928,0.000000165
929,0.000000165
930,0.000000165
931,0.000000165
932,0.000000165
933,0.000000165
934,0.000000165
935,0.000000165
936,0.000000165
937,0.000000165
938,0.000000165
939,0.000000165
940,0.000000165
941,0.000000165
942,0.000000165
943,0.000000165
944,0.000000165
945,0.000000165
946,0.000000103
947,0.000000100
948,0.000000100
949,0.000000100
950,0.000000100
951,0.000000100
952,0.000000100
953,0.000000100
954,0.000000100
955,0.000000100
956,0.000000100
957,0.000000100
958,0.000000100
959,0.000000100
960,0.000000100
961,0.000000100
962,0.000000100
963,0.000000100
964,0.000000100
965,0.000000100
966,0.000000086
967,0.000000100
968,0.000000100
969,0.000000100
970,0.000000086
971,0.000000086
972,0.000000100
973,0.000000086
974,0.000000086
975,0.000000020
976,0.000000086
977,0.000000086
978,0.000000020
979,0.000000020
980,0.000000020
981,0.000000020
982,0.000000020
983,0.000000020
984,0.000000020
985,0.000000020
986,0.000000020
987,0.000000020
988,0.000000020
989,0.000000020
990,0.000000020
991,0.000000020
992,0.000000020
993,0.000000020
994,0.000000020
995,0.000000020
996,0.000000020
997,0.000000020
998,0.000000020
999,0.000000020
1000,0.000000020
1001,0.000000020
1002,0.000000020
1003,0.000000020
1004,0.000000020
1005,0.000000020
1006,0.000000020
1007,0.000000020
1008,0.000000020
1009,0.000000020
1010,0.000000020
1011,0.000000020
1012,0.000000020
1013,0.000000020
1014,0.000000020
1015,0.000000020
1016,0.000000020
1017,0.000000020
1018,0.000000016
1019,0.000000016
1020,0.000000016
1021,0.000000020
1022,0.000000016
1023,0.000000016
1024,0.000000016
1025,0.000000016
1026,0.000000016
1027,0.000000016
1028,0.000000016
1029,0.000000016
1030,0.000000016
1031,0.000000016
1032,0.000000016
1033,0.000000016
1034,0.000000016
1035,0.000000016
1036,0.000000016
1037,0.000000016
1038,0.000000015
1039,0.000000015
1040,0.000000015
1041,0.000000015
1042,0.000000015
1043,0.000000015
1044,0.000000015
1045,0.000000015
1046,0.000000015
1047,0.000000015
1048,0.000000015
1049,0.000000015
1050,0.000000015
1051,0.000000015
1052,0.000000015
1053,0.000000015
1054,0.000000015
1055,0.000000015
1056,0.000000015
1057,0.000000015
1058,0.000000015
1059,0.000000015
1060,0.000000015
1061,0.000000015
1062,0.000000015
1063,0.000000015
1064,0.000000015
1065,0.000000015
1066,0.000000015
1067,0.000000015
1068,0.000000015
1069,0.000000015
1070,0.000000015
1071,0.000000015
1072,0.000000015
1073,0.000000015
1074,0.000000015
1075,0.000000015
1076,0.000000015
1077,0.000000015
1078,0.000000015
1079,0.000000015
1080,0.000000015
1081,0.000000015
1082,0.000000015
1083,0.000000015
1084,0.000000015
1085,0.000000015
1086,0.000000015
1087,0.000000015
1088,0.000000015
1089,0.000000015
1090,0.000000015
1091,0.000000015
1092,0.000000015
1093,0.000000015
1094,0.000000015
1095,0.000000015
1096,0.000000015
1097,0.000000015
1098,0.000000015
1099,0.000000015
1100,0.000000015
1101,0.000000015
1102,0.000000015
1103,0.000000015
1104,0.000000015
1105,0.000000015
1106,0.000000015
1107,0.000000015
1108,0.000000015
1109,0.000000015
1110,0.000000015
1111,0.000000015
1112,0.000000015
1113,0.000000015
1114,0.000000015
1115,0.000000015
1116,0.000000015
1117,0.000000015
1118,0.000000015
1119,0.000000015
1120,0.000000015
1121,0.000000015
1122,0.000000015
1123,0.000000015
1124,0.000000015
1125,0.000000015
1126,0.000000015
1127,0.000000015
1128,0.000000015
1129,0.000000015
1130,0.000000015
1131,0.000000015
1132,0.000000015
1133,0.000000015
1134,0.000000015
1135,0.000000015
1136,0.000000015
1137,0.000000015
1138,0.000000015
1139,0.000000015
1140,0.000000015
1141,0.000000015
1142,0.000000015
1143,0.000000015
1144,0.000000015
1145,0.000000015
1146,0.000000015
1147,0.000000015
1148,0.000000015
1149,0.000000015
1150,0.000000015
1151,0.000000015
1152,0.000000015
1153,0.000000015
1154,0.000000015
1155,0.000000015
1156,0.000000015
1157,0.000000015
1158,0.000000015
1159,0.000000015
1160,0.000000015
1161,0.000000015
1162,0.000000015
1163,0.000000015
1164,0.000000015
1165,0.000000015
1166,0.000000015
1167,0.000000015
1168,0.000000015
1169,0.000000015
1170,0.000000015
1171,0.000000015
1172,0.000000015
1173,0.000000015
1174,0.000000015
1175,0.000000015
1176,0.000000015
1177,0.000000015
1178,0.000000015
1179,0.000000015
1180,0.000000015
1181,0.000000015
1182,0.000000015
1183,0.000000015
1184,0.000000015
1185,0.000000015
1186,0.000000015
1187,0.000000015
1188,0.000000015
1189,0.000000015
1190,0.000000015
1191,0.000000015
1192,0.000000015
1193,0.000000015
1194,0.000000015
1195,0.000000015
1196,0.000000015
1197,0.000000015
1198,0.000000015
1199,0.000000015
1200,0.000000015
1201,0.000000015
1202,0.000000015
1203,0.000000015
1204,0.000000015
1205,0.000000015
1206,0.000000015
1207,0.000000015
1208,0.000000015
1209,0.000000015
1210,0.000000015
1211,0.000000015
1212,0.000000015
1213,0.000000015
1214,0.000000015
1215,0.000000015
1216,0.000000015
1217,0.000000015
1218,0.000000015
1219,0.000000015
1220,0.000000015
1221,0.000000015
1222,0.000000015
1223,0.000000015
1224,0.000000015
1225,0.000000015
1226,0.000000015
1227,0.000000015
1228,0.000000015
1229,0.000000015
1230,0.000000015
1231,0.000000015
1232,0.000000015
1233,0.000000015
1234,0.000000015
1235,0.000000015
1236,0.000000015
1237,0.000000015
1238,0.000000015
1239,0.000000015
1240,0.000000015
1241,0.000000015
1242,0.000000015
1243,0.000000015
1244,0.000000015
1245,0.000000015
1246,0.000000015
1247,0.000000015
1248,0.000000015
1249,0.000000015
1250,0.000000015
1251,0.000000015
1252,0.000000015
1253,0.000000015
1254,0.000000015
1255,0.000000015
1256,0.000000015
1257,0.000000015
1258,0.000000015
1259,0.000000015
1260,0.000000015
1261,0.000000015
1262,0.000000015
1263,0.000000015
1264,0.000000015
1265,0.000000015
1266,0.000000015
1267,0.000000015
1268,0.000000015
1269,0.000000015
1270,0.000000015
1271,0.000000015
1272,0.000000015
1273,0.000000015
1274,0.000000015
1275,0.000000015
1276,0.000000015
1277,0.000000015
1278,0.000000015
1279,0.000000015
1280,0.000000015
1281,0.000000015
1282,0.000000015
1283,0.000000015
1284,0.000000015
1285,0.000000015
1286,0.000000015
1287,0.000000015
1288,0.000000015
1289,0.000000015
1290,0.000000015
1291,0.000000015
1292,0.000000015
1293,0.000000015
1294,0.000000015
1295,0.000000015
1296,0.000000012
1297,0.000000015
1298,0.000000012
1299,0.000000012
1300,0.000000012
1301,0.000000012
1302,0.000000012
1303,0.000000012
1304,0.000000012
1305,0.000000012
1306,0.000000012
1307,0.000000012
1308,0.000000012
1309,0.000000012
1310,0.000000012
1311,0.000000012
1312,0.000000012
1313,0.000000012
1314,0.000000012
1315,0.000000012
1316,0.000000012
1317,0.000000012
1318,0.000000012
1319,0.000000012
1320,0.000000012
1321,0.000000012
1322,0.000000012
1323,0.000000012
1324,0.000000012
1325,0.000000012
1326,0.000000012
1327,0.000000012
1328,0.000000012
1329,0.000000012
1330,0.000000012
1331,0.000000012
1332,0.000000012
1333,0.000000012
1334,0.000000012
1335,0.000000012
1336,0.000000012
1337,0.000000012
1338,0.000000012
1339,0.000000012
1340,0.000000012
1341,0.000000012
1342,0.000000012
1343,0.000000012
1344,0.000000012
1345,0.000000012
1346,0.000000012
1347,0.000000012
1348,0.000000012
1349,0.000000012
1350,0.000000012
1351,0.000000012
1352,0.000000012
1353,0.000000012
1354,0.000000012
1355,0.000000012
1356,0.000000012
1357,0.000000012
1358,0.000000012
1359,0.000000012
1360,0.000000012
1361,0.000000012
1362,0.000000012
1363,0.000000012
1364,0.000000012
1365,0.000000002
1366,0.000000002
1367,0.000000012
1368,0.000000002
1369,0.000000012
1370,0.000000002
1371,0.000000002
1372,0.000000002
1373,0.000000002
1374,0.000000002
1375,0.000000002
1376,0.000000002
1377,0.000000002
1378,0.000000002
1379,0.000000002
1380,0.000000002
1381,0.000000002
1382,0.000000002
1383,0.000000002
1384,0.000000002
1385,0.000000002
1386,0.000000002
1387,0.000000002
1388,0.000000002
1389,0.000000002
1390,0.000000002
1391,0.000000002
1392,0.000000002
1393,0.000000002
1394,0.000000002
1395,0.000000002
1396,0.000000002
1397,0.000000002
1398,0.000000002
1399,0.000000002
1400,0.000000002
1401,0.000000002
1402,0.000000002
1403,0.000000002
1404,0.000000002
1405,0.000000002
1406,0.000000002
1407,0.000000002
1408,0.000000002
1409,0.000000002
1410,0.000000002
1411,0.000000002
1412,0.000000002
1413,0.000000002
1414,0.000000002
1415,0.000000002
1416,0.000000002
1417,0.000000002
1418,0.000000002
1419,0.000000002
1420,0.000000002
1421,0.000000002
1422,0.000000002
1423,0.000000002
1424,0.000000002
1425,0.000000002
1426,0.000000002
1427,0.000000002
1428,0.000000002
1429,0.000000002
1430,0.000000002
1431,0.000000002
1432,0.000000002
1433,0.000000002
1434,0.000000002
1435,0.000000002
1436,0.000000002
1437,0.000000002
1438,0.000000002
1439,0.000000002
1440,0.000000002
1441,0.000000002
1442,0.000000002
1443,0.000000002
1444,0.000000002
1445,0.000000002
1446,0.000000002
1447,0.000000002
1448,0.000000002
1449,0.000000002
1450,0.000000002
1451,0.000000002
1452,0.000000002
1453,0.000000002
1454,0.000000002
1455,0.000000002
1456,0.000000002
1457,0.000000002
1458,0.000000002
1459,0.000000002
1460,0.000000002
1461,0.000000002
1462,0.000000002
1463,0.000000002
1464,0.000000002
1465,0.000000002
1466,0.000000002
1467,0.000000002
1468,0.000000002
1469,0.000000002
1470,0.000000002
1471,0.000000002
1472,0.000000002
1473,0.000000002
1474,0.000000002
1475,0.000000002
1476,0.000000002
1477,0.000000002
1478,0.000000002
1479,0.000000002
1480,0.000000002
1481,0.000000002
1482,0.000000002
1483,0.000000002
1484,0.000000002
1485,0.000000002
1486,0.000000002
1487,0.000000002
1488,0.000000002
1489,0.000000002
1490,0.000000002
1491,0.000000002
1492,0.000000002
1493,0.000000002
1494,0.000000002
1495,0.000000002
1496,0.000000002
1497,0.000000002
1498,0.000000002
1499,0.000000002
0,62.180667247
1,34.061777479
2,16.606350526
3,23.433957418
4,15.276361996
5,11.687752611
6,6.880610045
7,6.690521266
8,5.721328519
9,5.380604553
10,5.380604553
11,3.462773838
12,2.496783691
13,3.488908874
14,3.052564022
15,3.052564022
16,3.039008238
17,2.041607425
18,2.041607425
19,2.869610579
20,2.977085861
21,1.743497250
22,1.743497250
23,1.842146844
24,1.924547339
25,1.533242634
26,1.695351369
27,0.927146527
28,0.927146527
29,0.927146527
30,0.817336501
31,0.916047410
32,0.817336501
33,0.927146527
34,0.817336501
35,0.817336501
36,0.817336501
37,0.808872948
38,0.808872948
39,0.808872948
40,0.806237384
41,0.806237384
42,0.808872948
43,0.797018418
44,0.805409166
45,0.806237384
46,0.797018418
47,0.797018418
48,0.793298595
49,0.787558219
50,0.791313861
51,0.784761749
52,0.790663031
53,0.787558219
54,0.778339252
55,0.782094894
56,0.782094894
57,0.778294941
58,0.776685497
59,0.775190129
60,0.775600542
61,0.776122239
62,0.764558191
63,0.770841974
64,0.770841974
65,0.750993425
66,0.754457206
67,0.751352394
68,0.749698638
69,0.743130044
70,0.754457206
71,0.744144231
72,0.746234857
73,0.743130044
74,0.740621220
75,0.746234857
76,0.743022508
77,0.738758316
78,0.737700683
79,0.732954654
80,0.734903155
81,0.729154702
82,0.727627969
83,0.722917739
84,0.722306143
85,0.712545534
86,0.717823000
87,0.715054359
88,0.718159171
89,0.718159171
90,0.722306143
91,0.712837345
92,0.711676280
93,0.718518140
94,0.709167455
95,0.710682630
96,0.709459266
97,0.710974442
98,0.709167455
99,0.709167455
100,0.696149233
101,0.698254749
102,0.698352990
103,0.694030461
104,0.691025381
105,0.694030461
106,0.692211607
107,0.695844166
108,0.691025381
109,0.689498338
110,0.689498338
111,0.687280277
112,0.689498338
113,0.689498338
114,0.680572589
115,0.676056490
116,0.687280277
117,0.676940030
118,0.673462070
119,0.670545326
120,0.664185828
121,0.667113744
122,0.664488513
123,0.667190908
124,0.670545326
125,0.669135081
126,0.666199067
127,0.661775245
128,0.666199067
129,0.656082366
130,0.652449807
131,0.651955643
132,0.652449807
133,0.645034105
134,0.644041865
135,0.644041865
136,0.649018226
137,0.641311564
138,0.645034105
139,0.640610283
140,0.639044817
141,0.628918921
142,0.626861262
143,0.628918921
144,0.625458403
145,0.623083440
146,0.628746864
147,0.619805024
148,0.633342743
149,0.621850728
150,0.622903610
151,0.618123038
152,0.617605816
153,0.620118043
154,0.614138917
155,0.617605816
156,0.611135152
157,0.614866109
158,0.614313742
159,0.609085684
160,0.611939709
161,0.609253904
162,0.611135152
163,0.609253904
164,0.609253904
165,0.600538320
166,0.599758267
167,0.598119881
168,0.599655860
169,0.587109798
170,0.601057304
171,0.598654045
172,0.601570675
173,0.596911546
174,0.582450669
175,0.597015660
176,0.592990407
177,0.584540905
178,0.582450669
179,0.579579790
180,0.576266776
181,0.584540905
182,0.573072319
183,0.576698533
184,0.576266776
185,0.573072319
186,0.573072319
187,0.573072319
188,0.571783312
189,0.570247333
190,0.565397513
191,0.569826501
192,0.565397513
193,0.565397513
194,0.563542217
195,0.565397513
196,0.563476566
197,0.563542217
198,0.557333644
199,0.561769649
200,0.561821202
201,0.555622088
202,0.553876180
203,0.554169359
204,0.545311120
205,0.555622088
206,0.555622088
207,0.555622088
208,0.544393933
209,0.544393933
210,0.555622088
211,0.544393933
212,0.540403898
213,0.540403898
214,0.535734113
215,0.542386146
216,0.536651300
217,0.537150292
218,0.529722539
219,0.535734113
220,0.535734113
221,0.529924190
222,0.528213743
223,0.529924190
224,0.529722539
225,0.528488029
226,0.521518468
227,0.526488077
228,0.516823454
229,0.516823454
230,0.516823454
231,0.511953079
232,0.518269574
233,0.513725665
234,0.513725665
235,0.513725665
236,0.513725665
237,0.513725665
238,0.510800691
239,0.510800691
240,0.503438878
241,0.510800691
242,0.503438878
243,0.496819128
244,0.494275585
245,0.499186751
246,0.494275585
247,0.496819128
248,0.494275585
249,0.494275585
250,0.491685264
251,0.484770627
252,0.491685264
253,0.491685264
254,0.483101946
255,0.481810847
256,0.483101946
257,0.480162765
258,0.477480497
259,0.471172261
260,0.477480497
261,0.468628718
262,0.466178071
263,0.477619222
264,0.480558403
265,0.460585817
266,0.465689537
267,0.463129360
268,0.461856895
269,0.465689537
270,0.457646636
271,0.459313352
272,0.459313352
273,0.456862705
274,0.458000094
275,0.455904103
276,0.455904103
277,0.455904103
278,0.444199681
279,0.448805578
280,0.441517413
281,0.444199681
282,0.444199681
283,0.444199681
284,0.439066767
285,0.444199681
286,0.438032532
287,0.438032532
288,0.439774880
289,0.435350264
290,0.434955881
291,0.436409626
292,0.434382015
293,0.434382015
294,0.435350264
295,0.428298142
296,0.428891221
297,0.432899617
298,0.426180439
299,0.419558218
300,0.419558218
301,0.419558218
302,0.418589969
303,0.419558218
304,0.419558218
305,0.417935312
306,0.418450529
307,0.419558218
308,0.416048360
309,0.418450529
310,0.410849277
311,0.409674661
312,0.416642126
313,0.405601109
314,0.410915446
315,0.404486108
316,0.404992723
317,0.405958823
318,0.402930364
319,0.399171771
320,0.400140020
321,0.399171771
322,0.399171771
323,0.396339124
324,0.399171771
325,0.391265403
326,0.396199685
327,0.389591787
328,0.387687249
329,0.387292385
330,0.390560036
331,0.386922647
332,0.387826688
333,0.387062087
334,0.383480652
335,0.383840644
336,0.381321885
337,0.383086984
338,0.381182446
339,0.381182446
340,0.378680441
341,0.380921816
342,0.380921816
343,0.381321885
344,0.378805599
345,0.377129931
346,0.371300298
347,0.371039668
348,0.373065397
349,0.374384477
350,0.367765754
351,0.366260819
352,0.370900229
353,0.364495720
354,0.366000655
355,0.360621757
356,0.367108344
357,0.357922530
358,0.356145325
359,0.352885375
360,0.356145325
361,0.352764185
362,0.359359770
363,0.352305270
364,0.352624746
365,0.352624746
366,0.351247609
367,0.348351819
368,0.353835439
369,0.350233032
370,0.348285998
371,0.345377469
372,0.341036689
373,0.340239828
374,0.343062000
375,0.340239828
376,0.344669185
377,0.333661234
378,0.338450879
379,0.331715855
380,0.332773515
381,0.333353621
382,0.330118884
383,0.333353621
384,0.331715855
385,0.329973007
386,0.328723030
387,0.326659166
388,0.330118884
389,0.328723030
390,0.327089152
391,0.325757184
392,0.324096326
393,0.320792286
394,0.324096326
395,0.319154521
396,0.319154521
397,0.319154521
398,0.319972569
399,0.319154521
400,0.316161695
401,0.315967929
402,0.316161695
403,0.316161695
404,0.316161695
405,0.314600778
406,0.312866367
407,0.312037938
408,0.314587825
409,0.301624181
410,0.303703920
411,0.298298172
412,0.301624181
413,0.295735332
414,0.293618789
415,0.293508530
416,0.295735332
417,0.297229810
418,0.292706729
419,0.292450869
420,0.292064838
421,0.292450869
422,0.290334326
423,0.292450869
424,0.290334326
425,0.287310677
426,0.288780375
427,0.288531789
428,0.287310677
429,0.290334326
430,0.285194134
431,0.275351168
432,0.283186920
433,0.282012310
434,0.281070377
435,0.279755169
436,0.281070377
437,0.277453539
438,0.275351168
439,0.276114091
440,0.273797217
441,0.273797217
442,0.275351168
443,0.270665322
444,0.271180707
445,0.271180707
446,0.270665322
447,0.268588195
448,0.270254541
449,0.266840408
450,0.269720935
451,0.272788990
452,0.271180707
453,0.266897851
454,0.264223898
455,0.260052191
456,0.260052191
457,0.262463549
458,0.261210175
459,0.260909597
460,0.255675331
461,0.260512384
462,0.257435681
463,0.259983432
464,0.255675331
465,0.255459941
466,0.255675331
467,0.251559996
468,0.252213741
469,0.250175236
470,0.249098925
471,0.248859979
472,0.247706170
473,0.250413931
474,0.248859979
475,0.247280996
476,0.245170901
477,0.245727044
478,0.242928711
479,0.245727044
480,0.242713321
481,0.241230244
482,0.241230244
483,0.241086400
484,0.241230244
485,0.238072677
486,0.238072677
487,0.236017284
488,0.236017284
489,0.235052679
490,0.235052679
491,0.235052679
492,0.235052679
493,0.235052679
494,0.227613022
495,0.229668416
496,0.229668416
497,0.228462728
498,0.227613022
499,0.227613022
500,0.227613022
501,0.228411645
502,0.226407335
503,0.226407335
504,0.223027382
505,0.221821694
506,0.224597682
507,0.223027382
508,0.226279364
509,0.221821694
510,0.223027382
511,0.221586188
512,0.220278177
513,0.220278177
514,0.213035854
515,0.204112951
516,0.211830167
517,0.210286649
518,0.208280511
519,0.209935269
520,0.204112951
521,0.210286649
522,0.204112951
523,0.204112951
524,0.202458192
525,0.204112951
526,0.203663880
527,0.195706186
528,0.197344780
529,0.195706186
530,0.193578199
531,0.190303382
532,0.190948609
533,0.188119155
534,0.189405092
535,0.193240323
536,0.193578199
537,0.186884589
538,0.185341071
539,0.181131647
540,0.189405092
541,0.181020406
542,0.183118008
543,0.175976078
544,0.177519595
545,0.175976078
546,0.175976078
547,0.181020406
548,0.176087319
549,0.169471584
550,0.176087319
551,0.178836578
552,0.169319988
553,0.175976078
554,0.169319988
555,0.167730578
556,0.167730578
557,0.169471584
558,0.168527122
559,0.168527122
560,0.167578981
561,0.167175776
562,0.164544213
563,0.164695809
564,0.162400001
565,0.167390012
566,0.161675708
567,0.162954803
568,0.162954803
569,0.159325481
570,0.164544213
571,0.162954803
572,0.157432878
573,0.157029673
574,0.157029673
575,0.152749642
576,0.156640012
577,0.155735220
578,0.155391762
579,0.153139303
580,0.153139303
581,0.149789278
582,0.147536819
583,0.147536819
584,0.148744660
585,0.146413929
586,0.146453602
587,0.147372727
588,0.144581153
589,0.146280867
590,0.144564675
591,0.140628506
592,0.137269636
593,0.141966308
594,0.139159015
595,0.144536906
596,0.137912962
597,0.137225388
598,0.138684981
599,0.134966522
600,0.131847498
601,0.131871043
602,0.131529907
603,0.131322609
604,0.131322609
605,0.129978293
606,0.131322609
607,0.129978293
608,0.129698564
609,0.131322609
610,0.129698564
611,0.129978293
612,0.129698564
613,0.127413245
614,0.129698564
615,0.128354248
616,0.129978293
617,0.125113410
618,0.123489366
619,0.123700058
620,0.123371845
621,0.121118034
622,0.122700695
623,0.123012939
624,0.118395038
625,0.117777509
626,0.119121825
627,0.117777509
628,0.121388894
629,0.117077283
630,0.117077283
631,0.116870254
632,0.117777509
633,0.117777509
634,0.116997411
635,0.117077283
636,0.115166337
637,0.113517286
638,0.116997411
639,0.115141330
640,0.113517286
641,0.113459197
642,0.113437413
643,0.113517286
644,0.111604689
645,0.109597598
646,0.107323978
647,0.107208091
648,0.107208091
649,0.105334039
650,0.106358324
651,0.105334039
652,0.105334039
653,0.107096778
654,0.105413912
655,0.105334039
656,0.104769769
657,0.105334039
658,0.104670759
659,0.103774155
660,0.100673315
661,0.101699790
662,0.102944329
663,0.100673315
664,0.101779663
665,0.101269610
666,0.100623293
667,0.099348904
668,0.099428776
669,0.098776492
670,0.100440216
671,0.097150708
672,0.098806020
673,0.098726147
674,0.098776492
675,0.097779937
676,0.094208874
677,0.097277000
678,0.096236204
679,0.095204882
680,0.092761465
681,0.094067365
682,0.093437290
683,0.092655892
684,0.091708765
685,0.091404699
686,0.091206744
687,0.087881825
688,0.091404699
689,0.089756317
690,0.087426150
691,0.090085661
692,0.089730976
693,0.087258970
694,0.085608387
695,0.085836734
696,0.081845255
697,0.085397124
698,0.083666313
699,0.081845255
700,0.081633992
701,0.082596705
702,0.081845255
703,0.080526217
704,0.080526217
705,0.080314954
706,0.080314954
707,0.080829128
708,0.080314954
709,0.074475592
710,0.074327307
711,0.074395719
712,0.079750371
713,0.074306783
714,0.074395719
715,0.074395719
716,0.071251708
717,0.074327307
718,0.071251708
719,0.071399994
720,0.071320121
721,0.071320121
722,0.070732922
723,0.069413884
724,0.066825182
725,0.069300037
726,0.069300037
727,0.069413884
728,0.065240360
729,0.065685814
730,0.065474552
731,0.065360705
732,0.065360705
733,0.065360705
734,0.065360705
735,0.062666516
736,0.062666516
737,0.063871574
738,0.064637731
739,0.065090937
740,0.061719938
741,0.061690860
742,0.060202905
743,0.060202905
744,0.059327878
745,0.061570515
746,0.058769103
747,0.057658140
748,0.058027090
749,0.059003294
750,0.057401493
751,0.057401493
752,0.057401493
753,0.057401493
754,0.057401493
755,0.057658140
756,0.057071755
757,0.052888210
758,0.053446985
759,0.053446985
760,0.052888210
761,0.052888210
762,0.052888210
763,0.052888210
764,0.053212794
765,0.052184775
766,0.052888210
767,0.051702487
768,0.051987761
769,0.051560213
770,0.051702487
771,0.050802039
772,0.051560213
773,0.050574231
774,0.050574231
775,0.050377217
776,0.049879485
777,0.051001779
778,0.049660542
779,0.048551488
780,0.048354475
781,0.048354475
782,0.045917779
783,0.048354475
784,0.048354475
785,0.045080759
786,0.044407303
787,0.043895037
788,0.043895037
789,0.043895037
790,0.043895037
791,0.043895037
792,0.039956028
793,0.042314353
794,0.040153041
795,0.041141751
796,0.039956028
797,0.039956028
798,0.039956028
799,0.039956028
800,0.039600361
801,0.039956028
802,0.037163394
803,0.037163394
804,0.037382680
805,0.037163394
806,0.035866341
807,0.037163394
808,0.037382680
809,0.036541240
810,0.034136960
811,0.035632149
812,0.035632149
813,0.035866341
814,0.033824433
815,0.034711522
816,0.034711522
817,0.033824433
818,0.032605715
819,0.033180277
820,0.033468765
821,0.032505849
822,0.031853020
823,0.032505849
824,0.032605715
825,0.032217361
826,0.032505849
827,0.028938923
828,0.029179775
829,0.031965357
830,0.029787024
831,0.028194901
832,0.028824108
833,0.028815434
834,0.028606282
835,0.028550568
836,0.027548173
837,0.027413874
838,0.026570796
839,0.027064313
840,0.027200003
841,0.025086179
842,0.024244277
843,0.023549769
844,0.023549769
845,0.023904368
846,0.024024206
847,0.023549769
848,0.023485359
849,0.023215889
850,0.023472901
851,0.023215889
852,0.023658326
853,0.022996995
854,0.022996995
855,0.022624353
856,0.022643572
857,0.022625529
858,0.022043614
859,0.021201828
860,0.022117650
861,0.021470121
862,0.020811369
863,0.020492273
864,0.020492273
865,0.021774144
866,0.019050528
867,0.020492273
868,0.018832810
869,0.017955495
870,0.017964169
871,0.017744098
872,0.019025987
873,0.017567616
874,0.017721154
875,0.017430749
876,0.017744098
877,0.017008190
878,0.017008190
879,0.017000692
880,0.015280311
881,0.015153763
882,0.015038472
883,0.015062592
884,0.015678509
885,0.014755565
886,0.014464306
887,0.013919468
888,0.013166767
889,0.012512848
890,0.012512848
891,0.012512848
892,0.012206997
893,0.012206997
894,0.012512848
895,0.012512848
896,0.012512848
897,0.012206997
898,0.012206997
899,0.012206997
900,0.012007931
901,0.012206997
902,0.012063134
903,0.011405658
904,0.010143545
905,0.010143545
906,0.010143545
907,0.010143545
908,0.010175727
909,0.010143545
910,0.009808051
911,0.009796770
912,0.010106405
913,0.007900409
914,0.007900409
915,0.009307455
916,0.009608986
917,0.007892911
918,0.007900409
919,0.007329083
920,0.007376451
921,0.006654038
922,0.007329083
923,0.007669469
924,0.007445493
925,0.005938849
926,0.005946346
927,0.007714531
928,0.007497686
929,0.006082711
930,0.005715407
931,0.005891144
932,0.005704531
933,0.005823295
934,0.005739783
935,0.005883646
936,0.005697033
937,0.005932946
938,0.005679989
939,0.005561757
940,0.005832985
941,0.005676205
942,0.005284955
943,0.004915525
944,0.004771663
945,0.004877322
946,0.004702181
947,0.004708084
948,0.004915525
949,0.004736410
950,0.004711868
951,0.004426267
952,0.004702181
953,0.004708084
954,0.004426267
955,0.003867526
956,0.003861763
957,0.004426267
958,0.003159331
959,0.003318706
960,0.003069615
961,0.003384403
962,0.003107965
963,0.003036889
964,0.003042792
965,0.003069615
966,0.002971821
967,0.003005643
968,0.003042792
969,0.002181826
970,0.003003524
971,0.002999740
972,0.003005643
973,0.001900009
974,0.001337054
975,0.001894106
976,0.001872941
977,0.001894106
978,0.001894106
979,0.001250258
980,0.001250258
981,0.001250258
982,0.001250258
983,0.001250258
984,0.000789942
985,0.001293718
986,0.000789942
987,0.001219977
988,0.001166153
989,0.001190631
990,0.000709049
991,0.000789942
992,0.000703146
993,0.000703146
994,0.000703146
995,0.000515608
996,0.000703146
997,0.000515608
998,0.000596331
999,0.000515608
1000,0.000515608
1001,0.000515608
1002,0.000515608
1003,0.000515608
1004,0.000515608
1005,0.000515608
1006,0.000515608
1007,0.000140946
1008,0.000226584
1009,0.000354848
1010,0.000140946
1011,0.000140946
1012,0.000140946
1013,0.000140946
1014,0.000140946
1015,0.000140946
1016,0.000140946
1017,0.000093939
1018,0.000082540
1019,0.000082540
1020,0.000091130
1021,0.000082540
1022,0.000082540
1023,0.000138137
1024,0.000047732
1025,0.000079751
1026,0.000047732
1027,0.000079730
1028,0.000007022
1029,0.000047732
1030,0.000007022
1031,0.000007022
1032,0.000007022
1033,0.000007022
1034,0.000007022
1035,0.000007022
1036,0.000007022
1037,0.000007022
1038,0.000007022
1039,0.000007022
1040,0.000007022
1041,0.000007022
1042,0.000007022
1043,0.000007022
1044,0.000007022
1045,0.000007022
1046,0.000007022
1047,0.000007022
1048,0.000007022
1049,0.000007022
1050,0.000007022
1051,0.000007022
1052,0.000001320
1053,0.000001560
1054,0.000001320
1055,0.000001320
1056,0.000001320
1057,0.000001320
1058,0.000001320
1059,0.000001320
1060,0.000001320
1061,0.000001320
1062,0.000001320
1063,0.000001320
1064,0.000001320
1065,0.000001320
1066,0.000001093
1067,0.000001093
1068,0.000001093
1069,0.000001093
1070,0.000001093
1071,0.000001093
1072,0.000001093
1073,0.000001093
1074,0.000001093
1075,0.000001093
1076,0.000001093
1077,0.000001093
1078,0.000001093
1079,0.000001093
1080,0.000001093
1081,0.000001093
1082,0.000001093
1083,0.000001093
1084,0.000001093
1085,0.000001093
1086,0.000001093
1087,0.000001093
1088,0.000000581
1089,0.000000581
1090,0.000000581
1091,0.000000581
1092,0.000000519
1093,0.000000519
1094,0.000000581
1095,0.000000581
1096,0.000000519
1097,0.000000581
1098,0.000000519
1099,0.000000519
1100,0.000000581
1101,0.000000519
1102,0.000000519
1103,0.000000519
1104,0.000000519
1105,0.000000519
1106,0.000000519
1107,0.000000519
1108,0.000000519
1109,0.000000435
1110,0.000000435
1111,0.000000435
1112,0.000000435
1113,0.000000519
1114,0.000000435
1115,0.000000435
1116,0.000000435
1117,0.000000435
1118,0.000000435
1119,0.000000435
1120,0.000000435
1121,0.000000435
1122,0.000000435
1123,0.000000435
1124,0.000000435
1125,0.000000435
1126,0.000000102
1127,0.000000102
1128,0.000000102
1129,0.000000102
1130,0.000000102
1131,0.000000102
1132,0.000000102
1133,0.000000102
1134,0.000000102
1135,0.000000102
1136,0.000000102
1137,0.000000102
1138,0.000000102
1139,0.000000102
1140,0.000000102
1141,0.000000099
1142,0.000000099
1143,0.000000099
1144,0.000000099
1145,0.000000099
1146,0.000000099
1147,0.000000099
1148,0.000000099
1149,0.000000099
1150,0.000000099
1151,0.000000086
1152,0.000000099
1153,0.000000088
1154,0.000000085
1155,0.000000086
1156,0.000000086
1157,0.000000085
1158,0.000000085
1159,0.000000085
1160,0.000000085
1161,0.000000085
1162,0.000000085
1163,0.000000085
1164,0.000000085
1165,0.000000085
1166,0.000000085
1167,0.000000085
1168,0.000000085
1169,0.000000085
1170,0.000000085
1171,0.000000085
1172,0.000000042
1173,0.000000085
1174,0.000000055
1175,0.000000085
1176,0.000000042
1177,0.000000042
1178,0.000000042
1179,0.000000042
1180,0.000000042
1181,0.000000041
1182,0.000000042
1183,0.000000041
1184,0.000000042
1185,0.000000041
1186,0.000000042
1187,0.000000041
1188,0.000000041
1189,0.000000041
1190,0.000000041
1191,0.000000041
1192,0.000000041
1193,0.000000041
1194,0.000000041
1195,0.000000041
1196,0.000000041
1197,0.000000041
1198,0.000000041
1199,0.000000041
1200,0.000000041
1201,0.000000041
1202,0.000000041
1203,0.000000041
1204,0.000000041
1205,0.000000041
1206,0.000000041
1207,0.000000041
1208,0.000000041
1209,0.000000041
1210,0.000000041
1211,0.000000041
1212,0.000000041
1213,0.000000041
1214,0.000000041
1215,0.000000041
1216,0.000000041
1217,0.000000041
1218,0.000000041
1219,0.000000041
1220,0.000000041
1221,0.000000041
1222,0.000000041
1223,0.000000041
1224,0.000000041
1225,0.000000041
1226,0.000000041
1227,0.000000033
1228,0.000000041
1229,0.000000041
1230,0.000000033
1231,0.000000033
1232,0.000000033
1233,0.000000033
1234,0.000000033
1235,0.000000033
1236,0.000000033
1237,0.000000033
1238,0.000000033
1239,0.000000033
1240,0.000000033
1241,0.000000033
1242,0.000000033
1243,0.000000033
1244,0.000000033
1245,0.000000033
1246,0.000000033
1247,0.000000033
1248,0.000000033
1249,0.000000033
1250,0.000000033
1251,0.000000033
1252,0.000000033
1253,0.000000033
1254,0.000000033
1255,0.000000033
1256,0.000000033
1257,0.000000033
1258,0.000000033
1259,0.000000033
1260,0.000000033
1261,0.000000033
1262,0.000000033
1263,0.000000033
1264,0.000000033
1265,0.000000033
1266,0.000000033
1267,0.000000033
1268,0.000000033
1269,0.000000033
1270,0.000000033
1271,0.000000033
1272,0.000000033
1273,0.000000033
1274,0.000000033
1275,0.000000033
1276,0.000000033
1277,0.000000033
1278,0.000000033
1279,0.000000033
1280,0.000000033
1281,0.000000033
1282,0.000000033
1283,0.000000033
1284,0.000000033
1285,0.000000033
1286,0.000000033
1287,0.000000033
1288,0.000000033
1289,0.000000033
1290,0.000000033
1291,0.000000033
1292,0.000000033
1293,0.000000033
1294,0.000000033
1295,0.000000033
1296,0.000000033
1297,0.000000033
1298,0.000000033
1299,0.000000033
1300,0.000000033
1301,0.000000033
1302,0.000000033
1303,0.000000033
1304,0.000000033
1305,0.000000033
1306,0.000000033
1307,0.000000033
1308,0.000000033
1309,0.000000033
1310,0.000000033
1311,0.000000033
1312,0.000000033
1313,0.000000033
1314,0.000000033
1315,0.000000033
1316,0.000000033
1317,0.000000033
1318,0.000000033
1319,0.000000033
1320,0.000000033
1321,0.000000033
1322,0.000000033
1323,0.000000028
1324,0.000000028
1325,0.000000033
1326,0.000000028
1327,0.000000028
1328,0.000000028
1329,0.000000025
1330,0.000000028
1331,0.000000025
1332,0.000000025
1333,0.000000025
1334,0.000000025
1335,0.000000025
1336,0.000000025
1337,0.000000025
1338,0.000000025
1339,0.000000025
1340,0.000000025
1341,0.000000025
1342,0.000000025
1343,0.000000025
1344,0.000000025
1345,0.000000025
1346,0.000000025
1347,0.000000025
1348,0.000000025
1349,0.000000025
1350,0.000000025
1351,0.000000025
1352,0.000000025
1353,0.000000025
1354,0.000000025
1355,0.000000025
1356,0.000000025
1357,0.000000025
1358,0.000000025
1359,0.000000025
1360,0.000000025
1361,0.000000025
1362,0.000000025
1363,0.000000025
1364,0.000000025
1365,0.000000025
1366,0.000000025
1367,0.000000025
1368,0.000000025
1369,0.000000025
1370,0.000000025
1371,0.000000025
1372,0.000000025
1373,0.000000025
1374,0.000000025
1375,0.000000025
1376,0.000000025
1377,0.000000025
1378,0.000000025
1379,0.000000025
1380,0.000000025
1381,0.000000025
1382,0.000000025
1383,0.000000025
1384,0.000000025
1385,0.000000025
1386,0.000000025
1387,0.000000025
1388,0.000000025
1389,0.000000025
1390,0.000000025
1391,0.000000025
1392,0.000000025
1393,0.000000025
1394,0.000000025
1395,0.000000025
1396,0.000000025
1397,0.000000025
1398,0.000000025
1399,0.000000025
1400,0.000000025
1401,0.000000025
1402,0.000000023
1403,0.000000023
1404,0.000000023
1405,0.000000023
1406,0.000000023
1407,0.000000023
1408,0.000000023
1409,0.000000023
1410,0.000000023
1411,0.000000023
1412,0.000000023
1413,0.000000023
1414,0.000000023
1415,0.000000023
1416,0.000000012
1417,0.000000011
1418,0.000000011
1419,0.000000011
1420,0.000000011
1421,0.000000011
1422,0.000000011
1423,0.000000011
1424,0.000000011
1425,0.000000011
1426,0.000000011
1427,0.000000011
1428,0.000000011
1429,0.000000011
1430,0.000000011
1431,0.000000011
1432,0.000000011
1433,0.000000011
1434,0.000000011
1435,0.000000011
1436,0.000000011
1437,0.000000011
1438,0.000000011
1439,0.000000011
1440,0.000000011
1441,0.000000011
1442,0.000000011
1443,0.000000011
1444,0.000000011
1445,0.000000011
1446,0.000000011
1447,0.000000011
1448,0.000000011
1449,0.000000011
1450,0.000000011
1451,0.000000011
1452,0.000000011
1453,0.000000011
1454,0.000000011
1455,0.000000011
1456,0.000000011
1457,0.000000011
1458,0.000000011
1459,0.000000011
1460,0.000000011
1461,0.000000011
1462,0.000000011
1463,0.000000011
1464,0.000000011
1465,0.000000011
1466,0.000000011
1467,0.000000011
1468,0.000000011
1469,0.000000011
1470,0.000000011
1471,0.000000011
1472,0.000000011
1473,0.000000011
1474,0.000000011
1475,0.000000011
1476,0.000000011
1477,0.000000011
1478,0.000000011
1479,0.000000011
1480,0.000000011
1481,0.000000011
1482,0.000000011
1483,0.000000011
1484,0.000000006
1485,0.000000006
1486,0.000000011
1487,0.000000006
1488,0.000000011
1489,0.000000006
1490,0.000000006
1491,0.000000006
1492,0.000000006
1493,0.000000006
1494,0.000000006
1495,0.000000006
1496,0.000000006
1497,0.000000006
1498,0.000000006
1499,0.000000006
0,21.543644195
1,58.422280747
2,31.393891518
3,15.823724377
4,16.414185086
5,21.034471615
6,16.976766523
7,22.636508783
8,10.603628388
9,9.709928096
10,8.975368938
11,5.776053281
12,5.776053281
13,5.776053281
14,2.564466321
15,3.700946007
16,3.851760913
17,2.339893794
18,2.339893794
19,2.564466321
20,2.352208754
21,1.813002700
22,1.887279673
23,0.841318360
24,1.714643174
25,1.231048675
26,1.012971768
27,1.501061610
28,1.371019757
29,1.228657674
30,0.649652894
31,1.542989765
32,0.323253579
33,0.323253579
34,0.668681861
35,0.462103562
36,0.277813171
37,0.277813171
38,0.277813171
39,0.277813171
40,0.277641517
41,0.266889863
42,0.277813171
43,0.266889863
44,0.266889863
45,0.266889863
46,0.266784598
47,0.266873250
48,0.266889863
49,0.266767984
50,0.263424979
51,0.263224557
52,0.263224557
53,0.263224557
54,0.263535382
55,0.263535382
56,0.263067157
57,0.253591547
58,0.253591547
59,0.253280723
60,0.253280723
61,0.253274972
62,0.253123322
63,0.253481144
64,0.253274972
65,0.252922829
66,0.247123029
67,0.246952992
68,0.242158536
69,0.242158536
70,0.242141922
71,0.246969605
72,0.241847711
73,0.241668302
74,0.241668302
75,0.241674052
76,0.241668302
77,0.241574794
78,0.233379221
79,0.233068397
80,0.232910997
81,0.232339513
82,0.233068397
83,0.232542374
84,0.232910997
85,0.232910997
86,0.232738964
87,0.232339513
88,0.232339513
89,0.232339513
90,0.232339513
91,0.232317504
92,0.231967108
93,0.232323254
94,0.231950849
95,0.231961712
96,0.231967108
97,0.231725712
98,0.231950849
99,0.231195907
100,0.231195907
101,0.231928574
102,0.220847095
103,0.228516153
104,0.220454568
105,0.220673436
106,0.222541270
107,0.220297168
108,0.220280909
109,0.220280909
110,0.210219778
111,0.220317644
112,0.220237049
113,0.210646567
114,0.220280909
115,0.210197769
116,0.210575570
117,0.210128221
118,0.209756138
119,0.209741767
120,0.197783075
121,0.209152170
122,0.199903805
123,0.197707777
124,0.197695840
125,0.197696501
126,0.197695840
127,0.197654986
128,0.197654986
129,0.197659434
130,0.197664855
131,0.197654986
132,0.197646868
133,0.197650591
134,0.197646868
135,0.197646868
136,0.195085926
137,0.194624271
138,0.197643314
139,0.194654836
140,0.188110389
141,0.194575300
142,0.188037038
143,0.188222727
144,0.188110389
145,0.188030648
146,0.187975530
147,0.188110389
148,0.185606209
149,0.185544701
150,0.185632745
151,0.185577383
152,0.185585502
153,0.182516262
154,0.182557116
155,0.182508144
156,0.182543783
157,0.185540253
158,0.182520710
159,0.182508144
160,0.182470653
161,0.182479132
162,0.178469669
163,0.178459800
164,0.178459800
165,0.178469669
166,0.178469669
167,0.178459800
168,0.178459800
169,0.178459440
170,0.178452945
171,0.175681399
172,0.175705389
173,0.178452945
174,0.175668259
175,0.175661404
176,0.175661404
177,0.174191636
178,0.175668259
179,0.175661404
180,0.174176662
181,0.175661404
182,0.167360590
183,0.167353735
184,0.175661044
185,0.167353735
186,0.172611751
187,0.167360590
188,0.167368708
189,0.168649965
190,0.167353375
191,0.167353375
192,0.167353375
193,0.167353375
194,0.167353375
195,0.167353375
196,0.167353375
197,0.156399766
198,0.160214361
199,0.156399766
200,0.156399766
201,0.156399766
202,0.156399766
203,0.156399766
204,0.156399766
205,0.153734578
206,0.153727363
207,0.153727363
208,0.156399766
209,0.153727363
210,0.152813939
211,0.152813939
212,0.152813939
213,0.152813939
214,0.152813939
215,0.152813939
216,0.152813939
217,0.152813939
218,0.152813939
219,0.147804096
220,0.152813939
221,0.147804096
222,0.147804096
223,0.147804096
224,0.147804096
225,0.147804096
226,0.147804096
227,0.147804096
228,0.146556274
229,0.142309453
230,0.142309453
231,0.142309453
232,0.142309453
233,0.142309453
234,0.140955326
235,0.142309453
236,0.139846565
237,0.140955326
238,0.139846565
239,0.142309453
240,0.142200488
241,0.139846565
242,0.139846565
243,0.139846565
244,0.139846565
245,0.139846565
246,0.139846565
247,0.139846565
248,0.139846565
249,0.135804865
250,0.135804865
251,0.135804865
252,0.135804865
253,0.135769085
254,0.135804865
255,0.131206188
256,0.131206188
257,0.131323367
258,0.131206188
259,0.131206188
260,0.131206188
261,0.130597189
262,0.131206188
263,0.131206188
264,0.131206106
265,0.130597189
266,0.131205990
267,0.124830377
268,0.126836911
269,0.124830377
270,0.124830295
271,0.122861616
272,0.122861616
273,0.122861697
274,0.122861616
275,0.122861616
276,0.121836663
277,0.122861616
278,0.121836581
279,0.121836581
280,0.117656786
281,0.117656786
282,0.117656786
283,0.117656786
284,0.117656786
285,0.117656786
286,0.117656669
287,0.117656669
288,0.117656669
289,0.117656669
290,0.117656786
291,0.117656669
292,0.117656669
293,0.108388689
294,0.108388771
295,0.117656669
296,0.116578024
297,0.113242202
298,0.108388572
299,0.108388572
300,0.108388572
301,0.108388572
302,0.108387710
303,0.108388572
304,0.108388572
305,0.108388572
306,0.108388572
307,0.108388572
308,0.108387710
309,0.108388572
310,0.108387710
311,0.106434754
312,0.108387710
313,0.108387710
314,0.108387710
315,0.103763989
316,0.106109679
317,0.108387710
318,0.105299734
319,0.106109679
320,0.106109679
321,0.106109153
322,0.105299734
323,0.103522162
324,0.106109679
325,0.103521300
326,0.103522162
327,0.103522162
328,0.103521300
329,0.103522162
330,0.102707069
331,0.102707069
332,0.102707069
333,0.102706543
334,0.102706324
335,0.102707069
336,0.102707069
337,0.102706208
338,0.102706208
339,0.102706208
340,0.102706208
341,0.102706208
342,0.100841312
343,0.100841312
344,0.102706208
345,0.099334690
346,0.094679421
347,0.094679421
348,0.094533421
349,0.094679421
350,0.098182738
351,0.094679421
352,0.094679390
353,0.093926782
354,0.093927644
355,0.094532559
356,0.093926782
357,0.093926782
358,0.092143596
359,0.092143596
360,0.087247489
361,0.087247489
362,0.087247520
363,0.087247489
364,0.087247489
365,0.084900449
366,0.087247489
367,0.087247520
368,0.080482334
369,0.080482365
370,0.080482334
371,0.080482334
372,0.080482334
373,0.080482334
374,0.080482334
375,0.075763112
376,0.080482334
377,0.080482334
378,0.080482334
379,0.080482334
380,0.075763081
381,0.075763081
382,0.080482334
383,0.075763081
384,0.075763081
385,0.075763081
386,0.075763081
387,0.075763081
388,0.075763081
389,0.075763081
390,0.075763081
391,0.074091930
392,0.073369515
393,0.072019677
394,0.071464668
395,0.071464668
396,0.071464668
397,0.071464668
398,0.073369515
399,0.071464668
400,0.071464668
401,0.071464668
402,0.071464668
403,0.071464668
404,0.071464668
405,0.071464668
406,0.071464668
407,0.071464668
408,0.071464668
409,0.071464668
410,0.069953825
411,0.069953825
412,0.071464668
413,0.071464668
414,0.068995394
415,0.069953825
416,0.069953825
417,0.068995394
418,0.068995394
419,0.067439485
420,0.065413179
421,0.065413179
422,0.065413179
423,0.065413179
424,0.065413179
425,0.064829039
426,0.065413179
427,0.065413179
428,0.064829039
429,0.064829039
430,0.063186574
431,0.063186574
432,0.064829039
433,0.064829039
434,0.063276324
435,0.064829039
436,0.063186574
437,0.063186574
438,0.059387444
439,0.063186574
440,0.063186574
441,0.063186574
442,0.063186574
443,0.063186574
444,0.059387444
445,0.059387444
446,0.059387444
447,0.059387444
448,0.059387444
449,0.059387444
450,0.059387444
451,0.059387444
452,0.059387444
453,0.059387444
454,0.058826324
455,0.055503168
456,0.058826324
457,0.055503168
458,0.055503168
459,0.055503168
460,0.055503168
461,0.055503168
462,0.055503168
463,0.052387623
464,0.052387623
465,0.052387623
466,0.055503168
467,0.052387623
468,0.052387623
469,0.052387623
470,0.052387623
471,0.052387623
472,0.052387623
473,0.049905014
474,0.049905014
475,0.049905014
476,0.049905014
477,0.049905014
478,0.049905014
479,0.047762126
480,0.047762126
481,0.049905014
482,0.047762126
483,0.043829822
484,0.044817643
485,0.044817643
486,0.047762126
487,0.044817643
488,0.044817643
489,0.043829822
490,0.043829822
491,0.043829822
492,0.043829822
493,0.043829822
494,0.043829822
495,0.043829822
496,0.043829822
497,0.043829822
498,0.043829822
499,0.043829822
500,0.043829822
501,0.043829822
502,0.041855788
503,0.041855788
504,0.041855788
505,0.041855788
506,0.041855788
507,0.041855788
508,0.039880394
509,0.039880394
510,0.039880394
511,0.037317944
512,0.040349842
513,0.037317944
514,0.037317944
515,0.036996468
516,0.037317944
517,0.037317944
518,0.037317944
519,0.034701294
520,0.035849093
521,0.034701294
522,0.034701294
523,0.034701294
524,0.034701294
525,0.034701294
526,0.034701294
527,0.034701294
528,0.034701285
529,0.032340660
530,0.034701294
531,0.034701294
532,0.029940886
533,0.029940886
534,0.029940886
535,0.032340651
536,0.029940886
537,0.029940886
538,0.029940877
539,0.029940886
540,0.029940877
541,0.029940877
542,0.029940877
543,0.029940877
544,0.029940877
545,0.026986868
546,0.029940877
547,0.029940877
548,0.029940877
549,0.029940877
550,0.026986868
551,0.029940877
552,0.026986868
553,0.026986868
554,0.026986868
555,0.026986868
556,0.026986868
557,0.026986868
558,0.026986868
559,0.026986868
560,0.026986868
561,0.026902967
562,0.026986868
563,0.026902967
564,0.025429007
565,0.025429007
566,0.025429007
567,0.025429007
568,0.025429007
569,0.025429007
570,0.025429007
571,0.025429007
572,0.025429007
573,0.025429007
574,0.025429007
575,0.025429007
576,0.025429007
577,0.025429007
578,0.025429007
579,0.024435526
580,0.024435526
581,0.021674859
582,0.021674900
583,0.021674900
584,0.021674900
585,0.021353464
586,0.018449708
587,0.020636944
588,0.018449708
589,0.018449708
590,0.020636944
591,0.018449708
592,0.018449708
593,0.018449708
594,0.018449708
595,0.018449708
596,0.017900844
597,0.016775172
598,0.016775172
599,0.016775172
600,0.016775172
601,0.016775172
602,0.016775172
603,0.016775172
604,0.016775172
605,0.014370303
606,0.016367056
607,0.014040567
608,0.014370303
609,0.016775172
610,0.014040567
611,0.014040567
612,0.014040567
613,0.014040567
614,0.014040567
615,0.013707050
616,0.013707050
617,0.011097268
618,0.013707050
619,0.011097268
620,0.013707050
621,0.011097268
622,0.011097268
623,0.011097268
624,0.011097268
625,0.011097268
626,0.011097268
627,0.011097268
628,0.011097268
629,0.011097268
630,0.011097268
631,0.011097268
632,0.011097268
633,0.011097268
634,0.011097268
635,0.011097268
636,0.011097268
637,0.011097268
638,0.009269912
639,0.009269912
640,0.009269912
641,0.009269912
642,0.009269912
643,0.009269912
644,0.009269912
645,0.008528659
646,0.008531933
647,0.008528659
648,0.008528659
649,0.008528659
650,0.008528659
651,0.008528659
652,0.008528659
653,0.008528659
654,0.008528659
655,0.008528659
656,0.008528659
657,0.008528659
658,0.007243071
659,0.007243071
660,0.008528659
661,0.006993501
662,0.007243071
663,0.006993501
664,0.006993501
665,0.005867608
666,0.006993501
667,0.005867608
668,0.005867608
669,0.005867608
670,0.005867608
671,0.005867608
672,0.005867608
673,0.005867608
674,0.005867608
675,0.005867608
676,0.005867608
677,0.005570034
678,0.005570034
679,0.005570034
680,0.005570034
681,0.005570034
682,0.005096676
683,0.005096676
684,0.005096676
685,0.005096676
686,0.005096676
687,0.005096676
688,0.005096676
689,0.005096676
690,0.005096676
691,0.005096676
692,0.004305276
693,0.005096676
694,0.003604019
695,0.003604019
696,0.004305276
697,0.003604019
698,0.003604019
699,0.003283764
700,0.002515651
701,0.002515651
702,0.003604019
703,0.003283764
704,0.002515651
705,0.002515651
706,0.002515651
707,0.002388558
708,0.002388558
709,0.002388537
710,0.002388558
711,0.002388558
712,0.002388558
713,0.002388537
714,0.002388537
715,0.002326403
716,0.002388537
717,0.001745828
718,0.002326403
719,0.001745828
720,0.002318393
721,0.001745828
722,0.001745828
723,0.001745807
724,0.001546253
725,0.001745807
726,0.001386929
727,0.001386929
728,0.001386929
729,0.001386908
730,0.001386908
731,0.001386908
732,0.001386908
733,0.001386908
734,0.001386908
735,0.000849995
736,0.000849974
737,0.000849995
738,0.000849974
739,0.000849974
740,0.000849974
741,0.000849974
742,0.000849974
743,0.000849974
744,0.000849974
745,0.000849974
746,0.000849974
747,0.000849974
748,0.000849974
749,0.000679407
750,0.000679407
751,0.000566146
752,0.000679407
753,0.000530030
754,0.000679407
755,0.000288134
756,0.000288134
757,0.000288134
758,0.000288134
759,0.000288134
760,0.000288134
761,0.000288134
762,0.000209632
763,0.000288134
764,0.000209632
765,0.000209632
766,0.000209632
767,0.000209632
768,0.000209632
769,0.000090475
770,0.000209632
771,0.000000468
772,0.000000468
773,0.000000468
774,0.000000468
775,0.000038965
776,0.000000468
777,0.000000468
778,0.000000468
779,0.000000468
780,0.000000306
781,0.000000468
782,0.000000468
783,0.000000468
784,0.000000468
785,0.000000468
786,0.000000306
787,0.000000306
788,0.000000306
789,0.000000306
790,0.000000306
791,0.000000306
792,0.000000306
793,0.000000306
794,0.000000306
795,0.000000306
796,0.000000306
797,0.000000306
798,0.000000306
799,0.000000306
800,0.000000306
801,0.000000306
802,0.000000306
803,0.000000306
804,0.000000306
805,0.000000306
806,0.000000306
807,0.000000306
808,0.000000306
809,0.000000306
810,0.000000306
811,0.000000306
812,0.000000306
813,0.000000306
814,0.000000306
815,0.000000306
816,0.000000306
817,0.000000306
818,0.000000306
819,0.000000306
820,0.000000306
821,0.000000306
822,0.000000306
823,0.000000306
824,0.000000306
825,0.000000306
826,0.000000306
827,0.000000306
828,0.000000306
829,0.000000304
830,0.000000304
831,0.000000304
832,0.000000304
833,0.000000304
834,0.000000304
835,0.000000304
836,0.000000304
837,0.000000304
838,0.000000079
839,0.000000079
840,0.000000079
841,0.000000079
842,0.000000079
843,0.000000079
844,0.000000079
845,0.000000079
846,0.000000079
847,0.000000079
848,0.000000079
849,0.000000079
850,0.000000079
851,0.000000079
852,0.000000079
853,0.000000079
854,0.000000079
855,0.000000079
856,0.000000079
857,0.000000079
858,0.000000079
859,0.000000079
860,0.000000079
861,0.000000079
862,0.000000079
863,0.000000079
864,0.000000079
865,0.000000079
866,0.000000079
867,0.000000079
868,0.000000079
869,0.000000079
870,0.000000079
871,0.000000079
872,0.000000079
873,0.000000079
874,0.000000079
875,0.000000079
876,0.000000079
877,0.000000079
878,0.000000079
879,0.000000079
880,0.000000079
881,0.000000079
882,0.000000079
883,0.000000079
884,0.000000079
885,0.000000022
886,0.000000079
887,0.000000022
888,0.000000022
889,0.000000079
890,0.000000022
891,0.000000022
892,0.000000022
893,0.000000022
894,0.000000022
895,0.000000022
896,0.000000022
897,0.000000022
898,0.000000022
899,0.000000022
900,0.000000022
901,0.000000022
902,0.000000022
903,0.000000022
904,0.000000022
905,0.000000022
906,0.000000022
907,0.000000022
908,0.000000022
909,0.000000022
910,0.000000022
911,0.000000022
912,0.000000020
913,0.000000020
914,0.000000020
915,0.000000022
916,0.000000020
917,0.000000020
918,0.000000020
919,0.000000020
920,0.000000020
921,0.000000020
922,0.000000020
923,0.000000020
924,0.000000020
925,0.000000020
926,0.000000020
927,0.000000020
928,0.000000020
929,0.000000020
930,0.000000020
931,0.000000020
932,0.000000020
933,0.000000020
934,0.000000020
935,0.000000020
936,0.000000020
937,0.000000020
938,0.000000020
939,0.000000020
940,0.000000020
941,0.000000020
942,0.000000020
943,0.000000020
944,0.000000020
945,0.000000020
946,0.000000020
947,0.000000004
948,0.000000004
949,0.000000004
950,0.000000020
951,0.000000004
952,0.000000004
953,0.000000004
954,0.000000004
955,0.000000004
956,0.000000004
957,0.000000004
958,0.000000004
959,0.000000004
960,0.000000004
961,0.000000004
962,0.000000004
963,0.000000004
964,0.000000004
965,0.000000004
966,0.000000004
967,0.000000004
968,0.000000004
969,0.000000004
970,0.000000004
971,0.000000004
972,0.000000004
973,0.000000004
974,0.000000004
975,0.000000004
976,0.000000004
977,0.000000004
978,0.000000004
979,0.000000004
980,0.000000004
981,0.000000004
982,0.000000004
983,0.000000004
984,0.000000004
985,0.000000004
986,0.000000004
987,0.000000004
988,0.000000004
989,0.000000004
990,0.000000004
991,0.000000004
992,0.000000004
993,0.000000004
994,0.000000004
995,0.000000004
996,0.000000004
997,0.000000004
998,0.000000004
999,0.000000004
1000,0.000000004
1001,0.000000004
1002,0.000000004
1003,0.000000004
1004,0.000000004
1005,0.000000004
1006,0.000000004
1007,0.000000004
1008,0.000000004
1009,0.000000004
1010,0.000000004
1011,0.000000004
1012,0.000000004
1013,0.000000004
1014,0.000000004
1015,0.000000004
1016,0.000000004
1017,0.000000004
1018,0.000000004
1019,0.000000004
1020,0.000000004
1021,0.000000004
1022,0.000000003
1023,0.000000003
1024,0.000000003
1025,0.000000003
1026,0.000000003
1027,0.000000003
1028,0.000000003
1029,0.000000003
1030,0.000000003
1031,0.000000003
1032,0.000000003
1033,0.000000003
1034,0.000000003
1035,0.000000003
1036,0.000000003
1037,0.000000003
1038,0.000000003
1039,0.000000003
1040,0.000000003
1041,0.000000003
1042,0.000000003
1043,0.000000003
1044,0.000000003
1045,0.000000003
1046,0.000000003
1047,0.000000003
1048,0.000000003
1049,0.000000003
1050,0.000000003
1051,0.000000003
1052,0.000000003
1053,0.000000003
1054,0.000000003
1055,0.000000003
1056,0.000000003
1057,0.000000003
1058,0.000000003
1059,0.000000003
1060,0.000000003
1061,0.000000003
1062,0.000000003
1063,0.000000003
1064,0.000000003
1065,0.000000003
1066,0.000000003
1067,0.000000003
1068,0.000000003
1069,0.000000003
1070,0.000000003
1071,0.000000003
1072,0.000000003
1073,0.000000003
1074,0.000000003
1075,0.000000003
1076,0.000000003
1077,0.000000003
1078,0.000000003
1079,0.000000003
1080,0.000000003
1081,0.000000003
1082,0.000000003
1083,0.000000003
1084,0.000000003
1085,0.000000003
1086,0.000000003
1087,0.000000003
1088,0.000000003
1089,0.000000003
1090,0.000000003
1091,0.000000003
1092,0.000000003
1093,0.000000003
1094,0.000000003
1095,0.000000003
1096,0.000000003
1097,0.000000003
1098,0.000000003
1099,0.000000003
1100,0.000000003
1101,0.000000003
1102,0.000000003
1103,0.000000003
1104,0.000000003
1105,0.000000003
1106,0.000000003
1107,0.000000003
1108,0.000000003
1109,0.000000003
1110,0.000000003
1111,0.000000003
1112,0.000000003
1113,0.000000003
1114,0.000000003
1115,0.000000003
1116,0.000000003
1117,0.000000003
1118,0.000000003
1119,0.000000003
1120,0.000000003
1121,0.000000003
1122,0.000000003
1123,0.000000003
1124,0.000000003
1125,0.000000003
1126,0.000000003
1127,0.000000003
1128,0.000000003
1129,0.000000003
1130,0.000000003
1131,0.000000003
1132,0.000000003
1133,0.000000003
1134,0.000000003
1135,0.000000003
1136,0.000000003
1137,0.000000003
1138,0.000000003
1139,0.000000003
1140,0.000000003
1141,0.000000003
1142,0.000000003
1143,0.000000003
1144,0.000000003
1145,0.000000003
1146,0.000000003
1147,0.000000003
1148,0.000000003
1149,0.000000003
1150,0.000000003
1151,0.000000003
1152,0.000000003
1153,0.000000003
1154,0.000000003
1155,0.000000003
1156,0.000000003
1157,0.000000003
1158,0.000000003
1159,0.000000003
1160,0.000000003
1161,0.000000003
1162,0.000000003
1163,0.000000003
1164,0.000000003
1165,0.000000003
1166,0.000000003
1167,0.000000003
1168,0.000000003
1169,0.000000003
1170,0.000000003
1171,0.000000003
1172,0.000000003
1173,0.000000003
1174,0.000000003
1175,0.000000003
1176,0.000000003
1177,0.000000003
1178,0.000000003
1179,0.000000003
1180,0.000000003
1181,0.000000003
1182,0.000000003
1183,0.000000003
1184,0.000000003
1185,0.000000003
1186,0.000000003
1187,0.000000003
1188,0.000000003
1189,0.000000003
1190,0.000000003
1191,0.000000003
1192,0.000000003
1193,0.000000003
1194,0.000000003
1195,0.000000003
1196,0.000000003
1197,0.000000003
1198,0.000000003
1199,0.000000003
1200,0.000000003
1201,0.000000003
1202,0.000000003
1203,0.000000003
1204,0.000000003
1205,0.000000003
1206,0.000000003
1207,0.000000003
1208,0.000000003
1209,0.000000003
1210,0.000000003
1211,0.000000003
1212,0.000000003
1213,0.000000003
1214,0.000000003
1215,0.000000003
1216,0.000000003
1217,0.000000003
1218,0.000000003
1219,0.000000003
1220,0.000000003
1221,0.000000003
1222,0.000000003
1223,0.000000003
1224,0.000000003
1225,0.000000003
1226,0.000000003
1227,0.000000003
1228,0.000000003
1229,0.000000003
1230,0.000000003
1231,0.000000003
1232,0.000000003
1233,0.000000003
1234,0.000000003
1235,0.000000003
1236,0.000000003
1237,0.000000003
1238,0.000000003
1239,0.000000003
1240,0.000000003
1241,0.000000003
1242,0.000000003
1243,0.000000003
1244,0.000000003
1245,0.000000003
1246,0.000000003
1247,0.000000003
1248,0.000000003
1249,0.000000003
1250,0.000000003
1251,0.000000003
1252,0.000000003
1253,0.000000003
1254,0.000000003
1255,0.000000002
1256,0.000000002
1257,0.000000002
1258,0.000000002
1259,0.000000002
1260,0.000000002
1261,0.000000002
1262,0.000000002
1263,0.000000002
1264,0.000000002
1265,0.000000002
1266,0.000000002
1267,0.000000002
1268,0.000000002
1269,0.000000002
1270,0.000000002
1271,0.000000002
1272,0.000000002
1273,0.000000002
1274,0.000000002
1275,0.000000002
1276,0.000000002
1277,0.000000002
1278,0.000000002
1279,0.000000002
1280,0.000000002
1281,0.000000002
1282,0.000000002
1283,0.000000002
1284,0.000000002
1285,0.000000002
1286,0.000000002
1287,0.000000002
1288,0.000000002
1289,0.000000002
1290,0.000000002
1291,0.000000002
1292,0.000000002
1293,0.000000002
1294,0.000000002
1295,0.000000002
1296,0.000000002
1297,0.000000002
1298,0.000000002
1299,0.000000002
1300,0.000000002
1301,0.000000002
1302,0.000000002
1303,0.000000002
1304,0.000000002
1305,0.000000002
1306,0.000000002
1307,0.000000002
1308,0.000000002
1309,0.000000002
1310,0.000000002
1311,0.000000002
1312,0.000000002
1313,0.000000002
1314,0.000000002
1315,0.000000002
1316,0.000000002
1317,0.000000002
1318,0.000000002
1319,0.000000002
1320,0.000000002
1321,0.000000002
1322,0.000000002
1323,0.000000002
1324,0.000000002
1325,0.000000002
1326,0.000000002
1327,0.000000002
1328,0.000000002
1329,0.000000002
1330,0.000000002
1331,0.000000002
1332,0.000000002
1333,0.000000002
1334,0.000000002
1335,0.000000002
1336,0.000000002
1337,0.000000002
1338,0.000000002
1339,0.000000002
1340,0.000000002
1341,0.000000002
1342,0.000000002
1343,0.000000002
1344,0.000000002
1345,0.000000002
1346,0.000000002
1347,0.000000002
1348,0.000000002
1349,0.000000002
1350,0.000000002
1351,0.000000002
1352,0.000000002
1353,0.000000002
1354,0.000000002
1355,0.000000002
1356,0.000000002
1357,0.000000002
1358,0.000000002
1359,0.000000002
1360,0.000000002
1361,0.000000002
1362,0.000000002
1363,0.000000002
1364,0.000000002
1365,0.000000002
1366,0.000000002
1367,0.000000002
1368,0.000000002
1369,0.000000002
1370,0.000000002
1371,0.000000002
1372,0.000000002
1373,0.000000002
1374,0.000000002
1375,0.000000002
1376,0.000000002
1377,0.000000002
1378,0.000000002
1379,0.000000002
1380,0.000000002
1381,0.000000002
1382,0.000000002
1383,0.000000002
1384,0.000000002
1385,0.000000002
1386,0.000000002
1387,0.000000002
1388,0.000000002
1389,0.000000002
1390,0.000000002
1391,0.000000002
1392,0.000000002
1393,0.000000002
1394,0.000000002
1395,0.000000002
1396,0.000000002
1397,0.000000002
1398,0.000000002
1399,0.000000002
1400,0.000000002
1401,0.000000002
1402,0.000000002
1403,0.000000002
1404,0.000000002
1405,0.000000002
1406,0.000000002
1407,0.000000002
1408,0.000000002
1409,0.000000002
1410,0.000000002
1411,0.000000002
1412,0.000000002
1413,0.000000002
1414,0.000000002
1415,0.000000002
1416,0.000000002
1417,0.000000002
1418,0.000000002
1419,0.000000002
1420,0.000000002
1421,0.000000002
1422,0.000000002
1423,0.000000002
1424,0.000000002
1425,0.000000002
1426,0.000000002
1427,0.000000002
1428,0.000000002
1429,0.000000002
1430,0.000000002
1431,0.000000002
1432,0.000000002
1433,0.000000002
1434,0.000000002
1435,0.000000002
1436,0.000000002
1437,0.000000002
1438,0.000000002
1439,0.000000002
1440,0.000000002
1441,0.000000002
1442,0.000000002
1443,0.000000002
1444,0.000000002
1445,0.000000002
1446,0.000000002
1447,0.000000002
1448,0.000000002
1449,0.000000002
1450,0.000000002
1451,0.000000002
1452,0.000000002
1453,0.000000002
1454,0.000000002
1455,0.000000002
1456,0.000000002
1457,0.000000002
1458,0.000000002
1459,0.000000002
1460,0.000000002
1461,0.000000002
1462,0.000000002
1463,0.000000002
1464,0.000000002
1465,0.000000002
1466,0.000000002
1467,0.000000002
1468,0.000000002
1469,0.000000002
1470,0.000000002
1471,0.000000002
1472,0.000000002
1473,0.000000002
1474,0.000000002
1475,0.000000002
1476,0.000000002
1477,0.000000002
1478,0.000000002
1479,0.000000002
1480,0.000000002
1481,0.000000002
1482,0.000000002
1483,0.000000002
1484,0.000000002
1485,0.000000002
1486,0.000000002
1487,0.000000002
1488,0.000000002
1489,0.000000002
1490,0.000000002
1491,0.000000002
1492,0.000000002
1493,0.000000002
1494,0.000000002
1495,0.000000002
1496,0.000000002
1497,0.000000002
1498,0.000000002
1499,0.000000002
0,56.945948204
1,21.380037730
2,19.575949937
3,36.465013579
4,27.008068058
5,22.302881727
6,13.739554395
7,8.055960116
8,11.363150744
9,3.460380402
10,6.572595550
11,5.446112463
12,9.776514406
13,4.785052870
14,3.460380402
15,3.331785490
16,2.299916729
17,3.255725122
18,3.767524278
19,2.168435445
20,4.554234234
21,1.200247833
22,0.975033883
23,0.233616828
24,1.210553688
25,1.827562867
26,1.210553688
27,1.200247833
28,0.233616828
29,1.337776515
30,1.200247833
31,0.136871867
32,0.239474644
33,0.233616828
34,0.243922683
35,0.136871867
36,0.136871867
37,0.233616828
38,0.134264472
39,0.136871867
40,0.134264472
41,0.134264472
42,0.134264472
43,0.132671941
44,0.134264472
45,0.128558567
46,0.128558567
47,0.131411958
48,0.127212033
49,0.121419813
50,0.128558567
51,0.121419813
52,0.124156716
53,0.121419813
54,0.121304202
55,0.121304202
56,0.121506128
57,0.121304202
58,0.120106559
59,0.120106559
60,0.121304202
61,0.115249654
62,0.115249654
63,0.120106559
64,0.115249654
65,0.115249654
66,0.115249654
67,0.112423725
68,0.111158390
69,0.111158390
70,0.115249654
71,0.111158390
72,0.107988320
73,0.107313248
74,0.107988320
75,0.107988320
76,0.107988320
77,0.103363635
78,0.107988320
79,0.106230220
80,0.106106440
81,0.102102020
82,0.103626287
83,0.101197871
84,0.101853342
85,0.096756195
86,0.096944773
87,0.097316470
88,0.093063373
89,0.097316470
90,0.093063373
91,0.090709030
92,0.090807590
93,0.092972672
94,0.088700272
95,0.090709030
96,0.088700272
97,0.090807590
98,0.088642169
99,0.088642169
100,0.088662759
101,0.088662759
102,0.087185689
103,0.087185689
104,0.086539492
105,0.087148177
106,0.082908963
107,0.083738979
108,0.083680877
109,0.082908963
110,0.086152771
111,0.083680877
112,0.083738979
113,0.083643365
114,0.084496618
115,0.080924565
116,0.082223443
117,0.080141035
118,0.082850861
119,0.077812647
120,0.079220823
121,0.080199137
122,0.078176288
123,0.076249992
124,0.076249992
125,0.075853440
126,0.077557182
127,0.075853440
128,0.075853440
129,0.075853440
130,0.075795338
131,0.077416095
132,0.075672250
133,0.071892421
134,0.071925020
135,0.069231691
136,0.071783933
137,0.071983122
138,0.073903670
139,0.069199092
140,0.069199092
141,0.066285084
142,0.068548458
143,0.066285084
144,0.065458577
145,0.065344402
146,0.064096245
147,0.065460070
148,0.063513573
149,0.064096245
150,0.063712762
151,0.064262836
152,0.061422485
153,0.061455084
154,0.059172993
155,0.060200125
156,0.061255895
157,0.060427012
158,0.057838310
159,0.058424799
160,0.061313997
161,0.059172993
162,0.061223296
163,0.057838310
164,0.058392200
165,0.056432598
166,0.055588818
167,0.055588818
168,0.055588818
169,0.055249449
170,0.055249449
171,0.055158169
172,0.054377575
173,0.055249449
174,0.052955978
175,0.053550017
176,0.053582616
177,0.053155167
178,0.052988577
179,0.052616609
180,0.051069065
181,0.052582817
182,0.050844836
183,0.050844836
184,0.050657446
185,0.048211996
186,0.048210802
187,0.048211996
188,0.048211996
189,0.048758826
190,0.048210802
191,0.045753833
192,0.046086243
193,0.047794961
194,0.045753833
195,0.045752639
196,0.045905721
197,0.045486211
198,0.047794961
199,0.042736710
200,0.043591295
201,0.043591295
202,0.043036521
203,0.042338408
204,0.042733367
205,0.043185065
206,0.040064609
207,0.042338408
208,0.040332014
209,0.039666307
210,0.039666307
211,0.039666307
212,0.039666307
213,0.039666307
214,0.037903265
215,0.039665113
216,0.037360101
217,0.037344258
218,0.037903265
219,0.037356758
220,0.037349020
221,0.035780760
222,0.035869659
223,0.034786337
224,0.035697142
225,0.034277818
226,0.033783096
227,0.033739416
228,0.032907634
229,0.032907634
230,0.035221753
231,0.033798770
232,0.031947855
233,0.031947855
234,0.030333869
235,0.029970627
236,0.030333869
237,0.029965865
238,0.027942130
239,0.029965865
240,0.028883961
241,0.029970627
242,0.027934025
243,0.026847360
244,0.026847360
245,0.027937369
246,0.025451434
247,0.025457743
248,0.025451434
249,0.025449638
250,0.025127451
251,0.025449638
252,0.023726385
253,0.025124107
254,0.023726385
255,0.023726385
256,0.023745572
257,0.023383786
258,0.023729729
259,0.023129624
260,0.022127696
261,0.022608314
262,0.022127696
263,0.021527592
264,0.021527592
265,0.022127696
266,0.021184992
267,0.021527592
268,0.021184992
269,0.021184992
270,0.021184992
271,0.020415614
272,0.021184992
273,0.020401329
274,0.020417410
275,0.021184992
276,0.020415614
277,0.020067228
278,0.020073015
279,0.019128440
280,0.019746169
281,0.018016462
282,0.016449294
283,0.016449294
284,0.018002177
285,0.017642235
286,0.016449294
287,0.016342360
288,0.016342360
289,0.016183041
290,0.016183041
291,0.015149419
292,0.014832931
293,0.014866465
294,0.014689266
295,0.014614935
296,0.014832931
297,0.014611527
298,0.014367893
299,0.013894009
300,0.013421994
301,0.013421994
302,0.013553572
303,0.012142635
304,0.012053228
305,0.013553572
306,0.011627363
307,0.011623955
308,0.011845359
309,0.011623955
310,0.011554656
311,0.009800219
312,0.010522610
313,0.009128305
314,0.009800219
315,0.009128305
316,0.009803626
317,0.009111604
318,0.008273516
319,0.008857659
320,0.009114020
321,0.008273516
322,0.008325685
323,0.008273516
324,0.007584901
325,0.007330956
326,0.006801399
327,0.007584901
328,0.006801399
329,0.006801399
330,0.006801399
331,0.006801399
332,0.006801399
333,0.006115031
334,0.006180067
335,0.006657942
336,0.006657942
337,0.006112615
338,0.006657942
339,0.006112615
340,0.006112615
341,0.006072548
342,0.006131219
343,0.005894937
344,0.005259321
345,0.004911646
346,0.005208569
347,0.004779599
348,0.005215163
349,0.004889753
350,0.005191869
351,0.004219261
352,0.004911646
353,0.004911646
354,0.004348607
355,0.004451772
356,0.004684323
357,0.004012934
358,0.004012934
359,0.003538367
360,0.003538367
361,0.004130212
362,0.003100151
363,0.003845938
364,0.003502485
365,0.004010518
366,0.002944304
367,0.003538367
368,0.002944304
369,0.002941888
370,0.002958589
371,0.002958589
372,0.002787375
373,0.002787375
374,0.002941888
375,0.002787375
376,0.002226097
377,0.002229195
378,0.002229195
379,0.002229195
380,0.002226097
381,0.002226097
382,0.002226097
383,0.002079931
384,0.001618158
385,0.002226097
386,0.001618158
387,0.001618158
388,0.001618158
389,0.001618158
390,0.001140536
391,0.001140536
392,0.001140536
393,0.001140536
394,0.001140536
395,0.001140536
396,0.001140536
397,0.000776976
398,0.000773878
399,0.000773878
400,0.000773878
401,0.000588426
402,0.000580041
403,0.000773878
404,0.000580041
405,0.000583139
406,0.000488604
407,0.000488604
408,0.000498294
409,0.000488604
410,0.000378193
411,0.000488594
412,0.000391614
413,0.000332941
414,0.000498294
415,0.000274555
416,0.000277653
417,0.000291792
418,0.000274555
419,0.000323241
420,0.000301482
421,0.000118522
422,0.000274555
423,0.000113008
424,0.000094595
425,0.000021614
426,0.000064323
427,0.000053073
428,0.000055492
429,0.000177181
430,0.000012783
431,0.000055481
432,0.000021614
433,0.000053073
434,0.000053073
435,0.000009849
436,0.000012783
437,0.000001018
438,0.000012783
439,0.000001018
440,0.000004116
441,0.000001007
442,0.000001007
443,0.000001007
444,0.000001007
445,0.000001007
446,0.000001007
447,0.000001007
448,0.000000933
449,0.000000933
450,0.000000933
451,0.000000933
452,0.000000933
453,0.000000933
454,0.000000933
455,0.000000933
456,0.000000933
457,0.000000933
458,0.000000933
459,0.000000933
460,0.000000933
461,0.000000933
462,0.000000933
463,0.000000933
464,0.000000933
465,0.000000933
466,0.000000933
467,0.000000460
468,0.000000460
469,0.000000460
470,0.000000460
471,0.000000460
472,0.000000460
473,0.000000460
474,0.000000460
475,0.000000460
476,0.000000354
477,0.000000354
478,0.000000354
479,0.000000354
480,0.000000354
481,0.000000354
482,0.000000354
483,0.000000354
484,0.000000354
485,0.000000354
486,0.000000354
487,0.000000354
488,0.000000354
489,0.000000354
490,0.000000354
491,0.000000354
492,0.000000354
493,0.000000354
494,0.000000354
495,0.000000354
496,0.000000354
497,0.000000200
498,0.000000200
499,0.000000200
500,0.000000200
501,0.000000200
502,0.000000200
503,0.000000200
504,0.000000200
505,0.000000200
506,0.000000200
507,0.000000200
508,0.000000200
509,0.000000200
510,0.000000200
511,0.000000200
512,0.000000200
513,0.000000200
514,0.000000070
515,0.000000070
516,0.000000070
517,0.000000200
518,0.000000070
519,0.000000200
520,0.000000070
521,0.000000070
522,0.000000070
523,0.000000070
524,0.000000070
525,0.000000070
526,0.000000070
527,0.000000070
528,0.000000070
529,0.000000070
530,0.000000070
531,0.000000068
532,0.000000068
533,0.000000068
534,0.000000068
535,0.000000068
536,0.000000068
537,0.000000068
538,0.000000068
539,0.000000068
540,0.000000068
541,0.000000068
542,0.000000068
543,0.000000068
544,0.000000068
545,0.000000068
546,0.000000068
547,0.000000068
548,0.000000068
549,0.000000068
550,0.000000068
551,0.000000068
552,0.000000068
553,0.000000068
554,0.000000068
555,0.000000068
556,0.000000068
557,0.000000068
558,0.000000068
559,0.000000068
560,0.000000068
561,0.000000068
562,0.000000068
563,0.000000068
564,0.000000068
565,0.000000068
566,0.000000068
567,0.000000068
568,0.000000068
569,0.000000068
570,0.000000068
571,0.000000068
572,0.000000068
573,0.000000068
574,0.000000068
575,0.000000068
576,0.000000068
577,0.000000068
578,0.000000068
579,0.000000068
580,0.000000068
581,0.000000067
582,0.000000068
583,0.000000068
584,0.000000067
585,0.000000067
586,0.000000067
587,0.000000067
588,0.000000067
589,0.000000067
590,0.000000067
591,0.000000067
592,0.000000067
593,0.000000067
594,0.000000067
595,0.000000067
596,0.000000067
597,0.000000067
598,0.000000067
599,0.000000067
600,0.000000067
601,0.000000067
602,0.000000067
603,0.000000067
604,0.000000067
605,0.000000067
606,0.000000067
607,0.000000067
608,0.000000067
609,0.000000067
610,0.000000067
611,0.000000067
612,0.000000067
613,0.000000067
614,0.000000067
615,0.000000067
616,0.000000067
617,0.000000067
618,0.000000067
619,0.000000067
620,0.000000067
621,0.000000067
622,0.000000067
623,0.000000067
624,0.000000067
625,0.000000067
626,0.000000067
627,0.000000067
628,0.000000067
629,0.000000067
630,0.000000067
631,0.000000067
632,0.000000067
633,0.000000067
634,0.000000067
635,0.000000067
636,0.000000067
637,0.000000067
638,0.000000067
639,0.000000067
640,0.000000067
641,0.000000067
642,0.000000067
643,0.000000067
644,0.000000067
645,0.000000067
646,0.000000067
647,0.000000067
648,0.000000067
649,0.000000067
650,0.000000067
651,0.000000067
652,0.000000067
653,0.000000067
654,0.000000067
655,0.000000067
656,0.000000067
657,0.000000067
658,0.000000067
659,0.000000064
660,0.000000064
661,0.000000064
662,0.000000067
663,0.000000064
664,0.000000064
665,0.000000064
666,0.000000064
667,0.000000064
668,0.000000064
669,0.000000064
670,0.000000064
671,0.000000064
672,0.000000064
673,0.000000064
674,0.000000064
675,0.000000064
676,0.000000064
677,0.000000064
678,0.000000064
679,0.000000064
680,0.000000064
681,0.000000064
682,0.000000064
683,0.000000064
684,0.000000064
685,0.000000064
686,0.000000064
687,0.000000064
688,0.000000064
689,0.000000064
690,0.000000064
691,0.000000064
692,0.000000064
693,0.000000064
694,0.000000064
695,0.000000064
696,0.000000054
697,0.000000054
698,0.000000054
699,0.000000054
700,0.000000054
701,0.000000054
702,0.000000054
703,0.000000054
704,0.000000054
705,0.000000054
706,0.000000054
707,0.000000054
708,0.000000054
709,0.000000054
710,0.000000054
711,0.000000054
712,0.000000054
713,0.000000054
714,0.000000054
715,0.000000054
716,0.000000012
717,0.000000054
718,0.000000054
719,0.000000012
720,0.000000012
721,0.000000012
722,0.000000012
723,0.000000012
724,0.000000012
725,0.000000012
726,0.000000012
727,0.000000012
728,0.000000012
729,0.000000012
730,0.000000012
731,0.000000012
732,0.000000012
733,0.000000012
734,0.000000012
735,0.000000012
736,0.000000012
737,0.000000012
738,0.000000012
739,0.000000012
740,0.000000012
741,0.000000012
742,0.000000012
743,0.000000012
744,0.000000012
745,0.000000012
746,0.000000009
747,0.000000009
748,0.000000009
749,0.000000009
750,0.000000009
751,0.000000009
752,0.000000009
753,0.000000009
754,0.000000009
755,0.000000009
756,0.000000009
757,0.000000009
758,0.000000009
759,0.000000009
760,0.000000009
761,0.000000009
762,0.000000009
763,0.000000009
764,0.000000009
765,0.000000009
766,0.000000009
767,0.000000009
768,0.000000009
769,0.000000009
770,0.000000009
771,0.000000009
772,0.000000004
773,0.000000004
774,0.000000004
775,0.000000004
776,0.000000004
777,0.000000004
778,0.000000004
779,0.000000004
780,0.000000004
781,0.000000004
782,0.000000004
783,0.000000004
784,0.000000004
785,0.000000004
786,0.000000004
787,0.000000004
788,0.000000004
789,0.000000004
790,0.000000004
791,0.000000004
792,0.000000004
793,0.000000004
794,0.000000004
795,0.000000004
796,0.000000004
797,0.000000004
798,0.000000004
799,0.000000004
800,0.000000004
801,0.000000004
802,0.000000004
803,0.000000004
804,0.000000004
805,0.000000004
806,0.000000004
807,0.000000004
808,0.000000004
809,0.000000004
810,0.000000004
811,0.000000004
812,0.000000004
813,0.000000004
814,0.000000004
815,0.000000004
816,0.000000004
817,0.000000004
818,0.000000004
819,0.000000004
820,0.000000004
821,0.000000004
822,0.000000004
823,0.000000004
824,0.000000004
825,0.000000004
826,0.000000004
827,0.000000004
828,0.000000004
829,0.000000004
830,0.000000004
831,0.000000004
832,0.000000004
833,0.000000004
834,0.000000004
835,0.000000004
836,0.000000004
837,0.000000004
838,0.000000004
839,0.000000004
840,0.000000004
841,0.000000004
842,0.000000004
843,0.000000004
844,0.000000004
845,0.000000004
846,0.000000004
847,0.000000004
848,0.000000004
849,0.000000004
850,0.000000004
851,0.000000004
852,0.000000004
853,0.000000004
854,0.000000004
855,0.000000004
856,0.000000004
857,0.000000004
858,0.000000004
859,0.000000004
860,0.000000004
861,0.000000004
862,0.000000004
863,0.000000004
864,0.000000004
865,0.000000004
866,0.000000004
867,0.000000004
868,0.000000004
869,0.000000004
870,0.000000004
871,0.000000004
872,0.000000004
873,0.000000004
874,0.000000004
875,0.000000004
876,0.000000004
877,0.000000004
878,0.000000004
879,0.000000004
880,0.000000004
881,0.000000004
882,0.000000004
883,0.000000004
884,0.000000004
885,0.000000004
886,0.000000004
887,0.000000004
888,0.000000004
889,0.000000004
890,0.000000004
891,0.000000004
892,0.000000004
893,0.000000004
894,0.000000004
895,0.000000004
896,0.000000004
897,0.000000004
898,0.000000004
899,0.000000004
900,0.000000004
901,0.000000004
902,0.000000004
903,0.000000004
904,0.000000004
905,0.000000004
906,0.000000003
907,0.000000004
908,0.000000003
909,0.000000003
910,0.000000003
911,0.000000003
912,0.000000003
913,0.000000003
914,0.000000003
915,0.000000003
916,0.000000003
917,0.000000003
918,0.000000003
919,0.000000003
920,0.000000003
921,0.000000003
922,0.000000003
923,0.000000003
924,0.000000003
925,0.000000003
926,0.000000003
927,0.000000003
928,0.000000003
929,0.000000003
930,0.000000003
931,0.000000003
932,0.000000003
933,0.000000003
934,0.000000003
935,0.000000003
936,0.000000003
937,0.000000003
938,0.000000003
939,0.000000003
940,0.000000003
941,0.000000003
942,0.000000003
943,0.000000003
944,0.000000003
945,0.000000003
946,0.000000003
947,0.000000003
948,0.000000003
949,0.000000003
950,0.000000003
951,0.000000003
952,0.000000003
953,0.000000003
954,0.000000003
955,0.000000003
956,0.000000003
957,0.000000003
958,0.000000003
959,0.000000003
960,0.000000003
961,0.000000003
962,0.000000003
963,0.000000003
964,0.000000003
965,0.000000003
966,0.000000003
967,0.000000003
968,0.000000003
969,0.000000003
970,0.000000003
971,0.000000003
972,0.000000003
973,0.000000003
974,0.000000003
975,0.000000003
976,0.000000003
977,0.000000003
978,0.000000003
979,0.000000003
980,0.000000003
981,0.000000003
982,0.000000003
983,0.000000003
984,0.000000000
985,0.000000000
986,0.000000003
987,0.000000000
988,0.000000000
989,0.000000000
990,0.000000000
991,0.000000000
992,0.000000000
993,0.000000000
994,0.000000000
995,0.000000000
996,0.000000000
997,0.000000000
998,0.000000000
999,0.000000000
1000,0.000000000
1001,0.000000000
1002,0.000000000
1003,0.000000000
1004,0.000000000
1005,0.000000000
1006,0.000000000
1007,0.000000000
1008,0.000000000
1009,0.000000000
1010,0.000000000
1011,0.000000000
1012,0.000000000
1013,0.000000000
1014,0.000000000
1015,0.000000000
1016,0.000000000
1017,0.000000000
1018,0.000000000
1019,0.000000000
1020,0.000000000
1021,0.000000000
1022,0.000000000
1023,0.000000000
1024,0.000000000
1025,0.000000000
1026,0.000000000
1027,0.000000000
1028,0.000000000
1029,0.000000000
1030,0.000000000
1031,0.000000000
1032,0.000000000
1033,0.000000000
1034,0.000000000
1035,0.000000000
1036,0.000000000
1037,0.000000000
1038,0.000000000
1039,0.000000000
1040,0.000000000
1041,0.000000000
1042,0.000000000
1043,0.000000000
1044,0.000000000
1045,0.000000000
1046,0.000000000
1047,0.000000000
1048,0.000000000
1049,0.000000000
1050,0.000000000
1051,0.000000000
1052,0.000000000
1053,0.000000000
1054,0.000000000
1055,0.000000000
1056,0.000000000
1057,0.000000000
1058,0.000000000
1059,0.000000000
1060,0.000000000
1061,0.000000000
1062,0.000000000
1063,0.000000000
1064,0.000000000
1065,0.000000000
1066,0.000000000
1067,0.000000000
1068,0.000000000
1069,0.000000000
1070,0.000000000
1071,0.000000000
1072,0.000000000
1073,0.000000000
1074,0.000000000
1075,0.000000000
1076,0.000000000
1077,0.000000000
1078,0.000000000
1079,0.000000000
1080,0.000000000
1081,0.000000000
1082,0.000000000
1083,0.000000000
1084,0.000000000
1085,0.000000000
1086,0.000000000
1087,0.000000000
1088,0.000000000
1089,0.000000000
1090,0.000000000
1091,0.000000000
1092,0.000000000
1093,0.000000000
1094,0.000000000
1095,0.000000000
1096,0.000000000
1097,0.000000000
1098,0.000000000
1099,0.000000000
1100,0.000000000
1101,0.000000000
1102,0.000000000
1103,0.000000000
1104,0.000000000
1105,0.000000000
1106,0.000000000
1107,0.000000000
1108,0.000000000
1109,0.000000000
1110,0.000000000
1111,0.000000000
1112,0.000000000
1113,0.000000000
1114,0.000000000
1115,0.000000000
1116,0.000000000
1117,0.000000000
1118,0.000000000
1119,0.000000000
1120,0.000000000
1121,0.000000000
1122,0.000000000
1123,0.000000000
1124,0.000000000
1125,0.000000000
1126,0.000000000
1127,0.000000000
1128,0.000000000
1129,0.000000000
1130,0.000000000
1131,0.000000000
1132,0.000000000
1133,0.000000000
1134,0.000000000
1135,0.000000000
1136,0.000000000
1137,0.000000000
1138,0.000000000
1139,0.000000000
1140,0.000000000
1141,0.000000000
1142,0.000000000
1143,0.000000000
1144,0.000000000
1145,0.000000000
1146,0.000000000
1147,0.000000000
1148,0.000000000
1149,0.000000000
1150,0.000000000
1151,0.000000000
1152,0.000000000
1153,0.000000000
1154,0.000000000
1155,0.000000000
1156,0.000000000
1157,0.000000000
1158,0.000000000
1159,0.000000000
1160,0.000000000
1161,0.000000000
1162,0.000000000
1163,0.000000000
1164,0.000000000
1165,0.000000000
1166,0.000000000
1167,0.000000000
1168,0.000000000
1169,0.000000000
1170,0.000000000
1171,0.000000000
1172,0.000000000
1173,0.000000000
1174,0.000000000
1175,0.000000000
1176,0.000000000
1177,0.000000000
1178,0.000000000
1179,0.000000000
1180,0.000000000
1181,0.000000000
1182,0.000000000
1183,0.000000000
1184,0.000000000
1185,0.000000000
1186,0.000000000
1187,0.000000000
1188,0.000000000
1189,0.000000000
1190,0.000000000
1191,0.000000000
1192,0.000000000
1193,0.000000000
1194,0.000000000
1195,0.000000000
1196,0.000000000
1197,0.000000000
1198,0.000000000
1199,0.000000000
1200,0.000000000
1201,0.000000000
1202,0.000000000
1203,0.000000000
1204,0.000000000
1205,0.000000000
1206,0.000000000
1207,0.000000000
1208,0.000000000
1209,0.000000000
1210,0.000000000
1211,0.000000000
1212,0.000000000
1213,0.000000000
1214,0.000000000
1215,0.000000000
1216,0.000000000
1217,0.000000000
1218,0.000000000
1219,0.000000000
1220,0.000000000
1221,0.000000000
1222,0.000000000
1223,0.000000000
1224,0.000000000
1225,0.000000000
1226,0.000000000
1227,0.000000000
1228,0.000000000
1229,0.000000000
1230,0.000000000
1231,0.000000000
1232,0.000000000
1233,0.000000000
1234,0.000000000
1235,0.000000000
1236,0.000000000
1237,0.000000000
1238,0.000000000
1239,0.000000000
1240,0.000000000
1241,0.000000000
1242,0.000000000
1243,0.000000000
1244,0.000000000
1245,0.000000000
1246,0.000000000
1247,0.000000000
1248,0.000000000
1249,0.000000000
1250,0.000000000
1251,0.000000000
1252,0.000000000
1253,0.000000000
1254,0.000000000
1255,0.000000000
1256,0.000000000
1257,0.000000000
1258,0.000000000
1259,0.000000000
1260,0.000000000
1261,0.000000000
1262,0.000000000
1263,0.000000000
1264,0.000000000
1265,0.000000000
1266,0.000000000
1267,0.000000000
1268,0.000000000
1269,0.000000000
1270,0.000000000
1271,0.000000000
1272,0.000000000
1273,0.000000000
1274,0.000000000
1275,0.000000000
1276,0.000000000
1277,0.000000000
1278,0.000000000
1279,0.000000000
1280,0.000000000
1281,0.000000000
1282,0.000000000
1283,0.000000000
1284,0.000000000
1285,0.000000000
1286,0.000000000
1287,0.000000000
1288,0.000000000
1289,0.000000000
1290,0.000000000
1291,0.000000000
1292,0.000000000
1293,0.000000000
1294,0.000000000
1295,0.000000000
1296,0.000000000
1297,0.000000000
1298,0.000000000
1299,0.000000000
1300,0.000000000
1301,0.000000000
1302,0.000000000
1303,0.000000000
1304,0.000000000
1305,0.000000000
1306,0.000000000
1307,0.000000000
1308,0.000000000
1309,0.000000000
1310,0.000000000
1311,0.000000000
1312,0.000000000
1313,0.000000000
1314,0.000000000
1315,0.000000000
1316,0.000000000
1317,0.000000000
1318,0.000000000
1319,0.000000000
1320,0.000000000
1321,0.000000000
1322,0.000000000
1323,0.000000000
1324,0.000000000
1325,0.000000000
1326,0.000000000
1327,0.000000000
1328,0.000000000
1329,0.000000000
1330,0.000000000
1331,0.000000000
1332,0.000000000
1333,0.000000000
1334,0.000000000
1335,0.000000000
1336,0.000000000
1337,0.000000000
1338,0.000000000
1339,0.000000000
1340,0.000000000
1341,0.000000000
1342,0.000000000
1343,0.000000000
1344,0.000000000
1345,0.000000000
1346,0.000000000
1347,0.000000000
1348,0.000000000
1349,0.000000000
1350,0.000000000
1351,0.000000000
1352,0.000000000
1353,0.000000000
1354,0.000000000
1355,0.000000000
1356,0.000000000
1357,0.000000000
1358,0.000000000
1359,0.000000000
1360,0.000000000
1361,0.000000000
1362,0.000000000
1363,0.000000000
1364,0.000000000
1365,0.000000000
1366,0.000000000
1367,0.000000000
1368,0.000000000
1369,0.000000000
1370,0.000000000
1371,0.000000000
1372,0.000000000
1373,0.000000000
1374,0.000000000
1375,0.000000000
1376,0.000000000
1377,0.000000000
1378,0.000000000
1379,0.000000000
1380,0.000000000
1381,0.000000000
1382,0.000000000
1383,0.000000000
1384,0.000000000
1385,0.000000000
1386,0.000000000
1387,0.000000000
1388,0.000000000
1389,0.000000000
1390,0.000000000
1391,0.000000000
1392,0.000000000
1393,0.000000000
1394,0.000000000
1395,0.000000000
1396,0.000000000
1397,0.000000000
1398,0.000000000
1399,0.000000000
1400,0.000000000
1401,0.000000000
1402,0.000000000
1403,0.000000000
1404,0.000000000
1405,0.000000000
1406,0.000000000
1407,0.000000000
1408,0.000000000
1409,0.000000000
1410,0.000000000
1411,0.000000000
1412,0.000000000
1413,0.000000000
1414,0.000000000
1415,0.000000000
1416,0.000000000
1417,0.000000000
1418,0.000000000
1419,0.000000000
1420,0.000000000
1421,0.000000000
1422,0.000000000
1423,0.000000000
1424,0.000000000
1425,0.000000000
1426,0.000000000
1427,0.000000000
1428,0.000000000
1429,0.000000000
1430,0.000000000
1431,0.000000000
1432,0.000000000
1433,0.000000000
1434,0.000000000
1435,0.000000000
1436,0.000000000
1437,0.000000000
1438,0.000000000
1439,0.000000000
1440,0.000000000
1441,0.000000000
1442,0.000000000
1443,0.000000000
1444,0.000000000
1445,0.000000000
1446,0.000000000
1447,0.000000000
1448,0.000000000
1449,0.000000000
1450,0.000000000
1451,0.000000000
1452,0.000000000
1453,0.000000000
1454,0.000000000
1455,0.000000000
1456,0.000000000
1457,0.000000000
1458,0.000000000
1459,0.000000000
1460,0.000000000
1461,0.000000000
1462,0.000000000
1463,0.000000000
1464,0.000000000
1465,0.000000000
1466,0.000000000
1467,0.000000000
1468,0.000000000
1469,0.000000000
1470,0.000000000
1471,0.000000000
1472,0.000000000
1473,0.000000000
1474,0.000000000
1475,0.000000000
1476,0.000000000
1477,0.000000000
1478,0.000000000
1479,0.000000000
1480,0.000000000
1481,0.000000000
1482,0.000000000
1483,0.000000000
1484,0.000000000
1485,0.000000000
1486,0.000000000
1487,0.000000000
1488,0.000000000
1489,0.000000000
1490,0.000000000
1491,0.000000000
1492,0.000000000
1493,0.000000000
1494,0.000000000
1495,0.000000000
1496,0.000000000
1497,0.000000000
1498,0.000000000
1499,0.000000000
